property_name,month,water_m3,unit
"1507 Suutarilan ala-asteen koulu, Päiväkoti Seulanen, Suutarilan monitoimitalo",2010-01,267.0,M3
"1507 Suutarilan ala-asteen koulu, Päiväkoti Seulanen, Suutarilan monitoimitalo",2010-02,257.0,M3
"1507 Suutarilan ala-asteen koulu, Päiväkoti Seulanen, Suutarilan monitoimitalo",2010-03,311.0,M3
"1507 Suutarilan ala-asteen koulu, Päiväkoti Seulanen, Suutarilan monitoimitalo",2010-04,304.0,M3
"1507 Suutarilan ala-asteen koulu, Päiväkoti Seulanen, Suutarilan monitoimitalo",2010-05,368.0,M3
"1507 Suutarilan ala-asteen koulu, Päiväkoti Seulanen, Suutarilan monitoimitalo",2010-06,196.0,M3
"1507 Suutarilan ala-asteen koulu, Päiväkoti Seulanen, Suutarilan monitoimitalo",2010-07,187.0,M3
"1507 Suutarilan ala-asteen koulu, Päiväkoti Seulanen, Suutarilan monitoimitalo",2010-08,200.0,M3
"1507 Suutarilan ala-asteen koulu, Päiväkoti Seulanen, Suutarilan monitoimitalo",2010-09,360.0,M3
"1507 Suutarilan ala-asteen koulu, Päiväkoti Seulanen, Suutarilan monitoimitalo",2010-10,358.0,M3
"1507 Suutarilan ala-asteen koulu, Päiväkoti Seulanen, Suutarilan monitoimitalo",2010-11,311.0,M3
"1507 Suutarilan ala-asteen koulu, Päiväkoti Seulanen, Suutarilan monitoimitalo",2010-12,258.0,M3
"1507 Suutarilan ala-asteen koulu, Päiväkoti Seulanen, Suutarilan monitoimitalo",2011-01,272.0,M3
"1507 Suutarilan ala-asteen koulu, Päiväkoti Seulanen, Suutarilan monitoimitalo",2011-02,264.0,M3
"1507 Suutarilan ala-asteen koulu, Päiväkoti Seulanen, Suutarilan monitoimitalo",2011-03,343.0,M3
"1507 Suutarilan ala-asteen koulu, Päiväkoti Seulanen, Suutarilan monitoimitalo",2011-04,316.0,M3
"1507 Suutarilan ala-asteen koulu, Päiväkoti Seulanen, Suutarilan monitoimitalo",2011-05,321.0,M3
"1507 Suutarilan ala-asteen koulu, Päiväkoti Seulanen, Suutarilan monitoimitalo",2011-06,204.0,M3
"1507 Suutarilan ala-asteen koulu, Päiväkoti Seulanen, Suutarilan monitoimitalo",2011-07,51.0,M3
"1507 Suutarilan ala-asteen koulu, Päiväkoti Seulanen, Suutarilan monitoimitalo",2011-08,252.0,M3
"1507 Suutarilan ala-asteen koulu, Päiväkoti Seulanen, Suutarilan monitoimitalo",2011-09,346.0,M3
"1507 Suutarilan ala-asteen koulu, Päiväkoti Seulanen, Suutarilan monitoimitalo",2011-10,316.0,M3
"1507 Suutarilan ala-asteen koulu, Päiväkoti Seulanen, Suutarilan monitoimitalo",2011-11,369.0,M3
"1507 Suutarilan ala-asteen koulu, Päiväkoti Seulanen, Suutarilan monitoimitalo",2011-12,325.0,M3
"1507 Suutarilan ala-asteen koulu, Päiväkoti Seulanen, Suutarilan monitoimitalo",2012-01,326.0,M3
"1507 Suutarilan ala-asteen koulu, Päiväkoti Seulanen, Suutarilan monitoimitalo",2012-02,297.0,M3
"1507 Suutarilan ala-asteen koulu, Päiväkoti Seulanen, Suutarilan monitoimitalo",2012-03,337.0,M3
"1507 Suutarilan ala-asteen koulu, Päiväkoti Seulanen, Suutarilan monitoimitalo",2012-04,327.0,M3
"1507 Suutarilan ala-asteen koulu, Päiväkoti Seulanen, Suutarilan monitoimitalo",2012-05,315.0,M3
"1507 Suutarilan ala-asteen koulu, Päiväkoti Seulanen, Suutarilan monitoimitalo",2012-06,228.0,M3
"1507 Suutarilan ala-asteen koulu, Päiväkoti Seulanen, Suutarilan monitoimitalo",2012-07,125.0,M3
"1507 Suutarilan ala-asteen koulu, Päiväkoti Seulanen, Suutarilan monitoimitalo",2012-08,297.0,M3
"1507 Suutarilan ala-asteen koulu, Päiväkoti Seulanen, Suutarilan monitoimitalo",2012-09,328.0,M3
"1507 Suutarilan ala-asteen koulu, Päiväkoti Seulanen, Suutarilan monitoimitalo",2012-10,371.0,M3
"1507 Suutarilan ala-asteen koulu, Päiväkoti Seulanen, Suutarilan monitoimitalo",2012-11,368.0,M3
"1507 Suutarilan ala-asteen koulu, Päiväkoti Seulanen, Suutarilan monitoimitalo",2012-12,230.0,M3
"1507 Suutarilan ala-asteen koulu, Päiväkoti Seulanen, Suutarilan monitoimitalo",2013-01,313.0,M3
"1507 Suutarilan ala-asteen koulu, Päiväkoti Seulanen, Suutarilan monitoimitalo",2013-02,272.0,M3
"1507 Suutarilan ala-asteen koulu, Päiväkoti Seulanen, Suutarilan monitoimitalo",2013-03,352.0,M3
"1507 Suutarilan ala-asteen koulu, Päiväkoti Seulanen, Suutarilan monitoimitalo",2013-04,334.0,M3
"1507 Suutarilan ala-asteen koulu, Päiväkoti Seulanen, Suutarilan monitoimitalo",2013-05,325.0,M3
"1507 Suutarilan ala-asteen koulu, Päiväkoti Seulanen, Suutarilan monitoimitalo",2013-06,187.0,M3
"1507 Suutarilan ala-asteen koulu, Päiväkoti Seulanen, Suutarilan monitoimitalo",2013-07,107.0,M3
"1507 Suutarilan ala-asteen koulu, Päiväkoti Seulanen, Suutarilan monitoimitalo",2013-08,271.0,M3
"1507 Suutarilan ala-asteen koulu, Päiväkoti Seulanen, Suutarilan monitoimitalo",2013-09,350.0,M3
"1507 Suutarilan ala-asteen koulu, Päiväkoti Seulanen, Suutarilan monitoimitalo",2013-10,380.0,M3
"1507 Suutarilan ala-asteen koulu, Päiväkoti Seulanen, Suutarilan monitoimitalo",2013-11,350.0,M3
"1507 Suutarilan ala-asteen koulu, Päiväkoti Seulanen, Suutarilan monitoimitalo",2013-12,248.0,M3
"1507 Suutarilan ala-asteen koulu, Päiväkoti Seulanen, Suutarilan monitoimitalo",2014-01,311.0,M3
"1507 Suutarilan ala-asteen koulu, Päiväkoti Seulanen, Suutarilan monitoimitalo",2014-02,280.0,M3
"1507 Suutarilan ala-asteen koulu, Päiväkoti Seulanen, Suutarilan monitoimitalo",2014-03,361.0,M3
"1507 Suutarilan ala-asteen koulu, Päiväkoti Seulanen, Suutarilan monitoimitalo",2014-04,301.0,M3
"1507 Suutarilan ala-asteen koulu, Päiväkoti Seulanen, Suutarilan monitoimitalo",2014-05,325.0,M3
"1507 Suutarilan ala-asteen koulu, Päiväkoti Seulanen, Suutarilan monitoimitalo",2014-06,159.0,M3
"1507 Suutarilan ala-asteen koulu, Päiväkoti Seulanen, Suutarilan monitoimitalo",2014-07,101.0,M3
"1507 Suutarilan ala-asteen koulu, Päiväkoti Seulanen, Suutarilan monitoimitalo",2014-08,274.0,M3
"1507 Suutarilan ala-asteen koulu, Päiväkoti Seulanen, Suutarilan monitoimitalo",2014-09,324.0,M3
"1507 Suutarilan ala-asteen koulu, Päiväkoti Seulanen, Suutarilan monitoimitalo",2014-10,330.0,M3
"1507 Suutarilan ala-asteen koulu, Päiväkoti Seulanen, Suutarilan monitoimitalo",2014-11,326.0,M3
"1507 Suutarilan ala-asteen koulu, Päiväkoti Seulanen, Suutarilan monitoimitalo",2014-12,244.0,M3
"1507 Suutarilan ala-asteen koulu, Päiväkoti Seulanen, Suutarilan monitoimitalo",2015-01,280.0,M3
"1507 Suutarilan ala-asteen koulu, Päiväkoti Seulanen, Suutarilan monitoimitalo",2015-02,267.0,M3
"1507 Suutarilan ala-asteen koulu, Päiväkoti Seulanen, Suutarilan monitoimitalo",2015-03,388.0,M3
"1507 Suutarilan ala-asteen koulu, Päiväkoti Seulanen, Suutarilan monitoimitalo",2015-04,306.0,M3
"1507 Suutarilan ala-asteen koulu, Päiväkoti Seulanen, Suutarilan monitoimitalo",2015-05,266.0,M3
"1507 Suutarilan ala-asteen koulu, Päiväkoti Seulanen, Suutarilan monitoimitalo",2015-06,161.0,M3
"1507 Suutarilan ala-asteen koulu, Päiväkoti Seulanen, Suutarilan monitoimitalo",2015-07,82.0,M3
"1507 Suutarilan ala-asteen koulu, Päiväkoti Seulanen, Suutarilan monitoimitalo",2015-08,266.0,M3
"1507 Suutarilan ala-asteen koulu, Päiväkoti Seulanen, Suutarilan monitoimitalo",2015-09,315.0,M3
"1507 Suutarilan ala-asteen koulu, Päiväkoti Seulanen, Suutarilan monitoimitalo",2015-10,326.0,M3
"1507 Suutarilan ala-asteen koulu, Päiväkoti Seulanen, Suutarilan monitoimitalo",2015-11,314.0,M3
"1507 Suutarilan ala-asteen koulu, Päiväkoti Seulanen, Suutarilan monitoimitalo",2015-12,239.0,M3
"1507 Suutarilan ala-asteen koulu, Päiväkoti Seulanen, Suutarilan monitoimitalo",2016-01,267.0,M3
"1507 Suutarilan ala-asteen koulu, Päiväkoti Seulanen, Suutarilan monitoimitalo",2016-02,226.0,M3
"1507 Suutarilan ala-asteen koulu, Päiväkoti Seulanen, Suutarilan monitoimitalo",2016-03,259.0,M3
"1507 Suutarilan ala-asteen koulu, Päiväkoti Seulanen, Suutarilan monitoimitalo",2016-04,272.0,M3
"1507 Suutarilan ala-asteen koulu, Päiväkoti Seulanen, Suutarilan monitoimitalo",2016-05,265.0,M3
"1507 Suutarilan ala-asteen koulu, Päiväkoti Seulanen, Suutarilan monitoimitalo",2016-06,263.0,M3
"1507 Suutarilan ala-asteen koulu, Päiväkoti Seulanen, Suutarilan monitoimitalo",2016-07,269.0,M3
"1507 Suutarilan ala-asteen koulu, Päiväkoti Seulanen, Suutarilan monitoimitalo",2016-08,241.0,M3
"1507 Suutarilan ala-asteen koulu, Päiväkoti Seulanen, Suutarilan monitoimitalo",2016-09,314.0,M3
"1507 Suutarilan ala-asteen koulu, Päiväkoti Seulanen, Suutarilan monitoimitalo",2016-10,291.0,M3
"1507 Suutarilan ala-asteen koulu, Päiväkoti Seulanen, Suutarilan monitoimitalo",2016-11,313.0,M3
"1507 Suutarilan ala-asteen koulu, Päiväkoti Seulanen, Suutarilan monitoimitalo",2016-12,209.0,M3
"1507 Suutarilan ala-asteen koulu, Päiväkoti Seulanen, Suutarilan monitoimitalo",2017-01,229.0,M3
"1507 Suutarilan ala-asteen koulu, Päiväkoti Seulanen, Suutarilan monitoimitalo",2017-02,225.0,M3
"1507 Suutarilan ala-asteen koulu, Päiväkoti Seulanen, Suutarilan monitoimitalo",2017-03,291.0,M3
"1507 Suutarilan ala-asteen koulu, Päiväkoti Seulanen, Suutarilan monitoimitalo",2017-04,240.0,M3
"1507 Suutarilan ala-asteen koulu, Päiväkoti Seulanen, Suutarilan monitoimitalo",2017-05,268.0,M3
"1507 Suutarilan ala-asteen koulu, Päiväkoti Seulanen, Suutarilan monitoimitalo",2017-06,152.0,M3
"1507 Suutarilan ala-asteen koulu, Päiväkoti Seulanen, Suutarilan monitoimitalo",2017-07,167.0,M3
"1507 Suutarilan ala-asteen koulu, Päiväkoti Seulanen, Suutarilan monitoimitalo",2017-08,493.0,M3
"1507 Suutarilan ala-asteen koulu, Päiväkoti Seulanen, Suutarilan monitoimitalo",2017-09,409.0,M3
"1507 Suutarilan ala-asteen koulu, Päiväkoti Seulanen, Suutarilan monitoimitalo",2017-10,300.0,M3
"1507 Suutarilan ala-asteen koulu, Päiväkoti Seulanen, Suutarilan monitoimitalo",2017-11,311.0,M3
"1507 Suutarilan ala-asteen koulu, Päiväkoti Seulanen, Suutarilan monitoimitalo",2017-12,205.0,M3
"1507 Suutarilan ala-asteen koulu, Päiväkoti Seulanen, Suutarilan monitoimitalo",2018-01,241.0,M3
"1507 Suutarilan ala-asteen koulu, Päiväkoti Seulanen, Suutarilan monitoimitalo",2018-02,231.0,M3
"1507 Suutarilan ala-asteen koulu, Päiväkoti Seulanen, Suutarilan monitoimitalo",2018-03,227.0,M3
"1507 Suutarilan ala-asteen koulu, Päiväkoti Seulanen, Suutarilan monitoimitalo",2018-04,206.0,M3
"1507 Suutarilan ala-asteen koulu, Päiväkoti Seulanen, Suutarilan monitoimitalo",2018-05,275.0,M3
"1507 Suutarilan ala-asteen koulu, Päiväkoti Seulanen, Suutarilan monitoimitalo",2018-06,265.0,M3
"1507 Suutarilan ala-asteen koulu, Päiväkoti Seulanen, Suutarilan monitoimitalo",2018-07,183.0,M3
"1507 Suutarilan ala-asteen koulu, Päiväkoti Seulanen, Suutarilan monitoimitalo",2018-08,187.0,M3
"1507 Suutarilan ala-asteen koulu, Päiväkoti Seulanen, Suutarilan monitoimitalo",2018-09,296.0,M3
"1507 Suutarilan ala-asteen koulu, Päiväkoti Seulanen, Suutarilan monitoimitalo",2018-10,265.0,M3
"1507 Suutarilan ala-asteen koulu, Päiväkoti Seulanen, Suutarilan monitoimitalo",2018-11,292.0,M3
"1507 Suutarilan ala-asteen koulu, Päiväkoti Seulanen, Suutarilan monitoimitalo",2018-12,202.0,M3
2183 Latokartanon peruskoulu,2010-01,146.0,M3
2183 Latokartanon peruskoulu,2010-02,111.0,M3
2183 Latokartanon peruskoulu,2010-03,173.0,M3
2183 Latokartanon peruskoulu,2010-04,149.0,M3
2183 Latokartanon peruskoulu,2010-05,137.0,M3
2183 Latokartanon peruskoulu,2010-06,44.0,M3
2183 Latokartanon peruskoulu,2010-07,11.0,M3
2183 Latokartanon peruskoulu,2010-08,84.0,M3
2183 Latokartanon peruskoulu,2010-09,169.0,M3
2183 Latokartanon peruskoulu,2010-10,170.0,M3
2183 Latokartanon peruskoulu,2010-11,194.0,M3
2183 Latokartanon peruskoulu,2010-12,116.0,M3
2183 Latokartanon peruskoulu,2011-01,171.0,M3
2183 Latokartanon peruskoulu,2011-02,145.0,M3
2183 Latokartanon peruskoulu,2011-03,275.0,M3
2183 Latokartanon peruskoulu,2011-04,227.0,M3
2183 Latokartanon peruskoulu,2011-05,202.0,M3
2183 Latokartanon peruskoulu,2011-06,30.0,M3
2183 Latokartanon peruskoulu,2011-07,7.0,M3
2183 Latokartanon peruskoulu,2011-08,93.0,M3
2183 Latokartanon peruskoulu,2011-09,200.0,M3
2183 Latokartanon peruskoulu,2011-10,258.0,M3
2183 Latokartanon peruskoulu,2011-11,225.0,M3
2183 Latokartanon peruskoulu,2011-12,122.0,M3
2183 Latokartanon peruskoulu,2012-01,185.0,M3
2183 Latokartanon peruskoulu,2012-02,168.0,M3
2183 Latokartanon peruskoulu,2012-03,245.0,M3
2183 Latokartanon peruskoulu,2012-04,249.0,M3
2183 Latokartanon peruskoulu,2012-05,219.0,M3
2183 Latokartanon peruskoulu,2012-06,31.0,M3
2183 Latokartanon peruskoulu,2012-07,10.0,M3
2183 Latokartanon peruskoulu,2012-08,132.0,M3
2183 Latokartanon peruskoulu,2012-09,200.0,M3
2183 Latokartanon peruskoulu,2012-10,208.0,M3
2183 Latokartanon peruskoulu,2012-11,265.0,M3
2183 Latokartanon peruskoulu,2012-12,163.0,M3
2183 Latokartanon peruskoulu,2013-01,173.0,M3
2183 Latokartanon peruskoulu,2013-02,164.0,M3
2183 Latokartanon peruskoulu,2013-03,209.0,M3
2183 Latokartanon peruskoulu,2013-04,226.0,M3
2183 Latokartanon peruskoulu,2013-05,183.0,M3
2183 Latokartanon peruskoulu,2013-06,24.0,M3
2183 Latokartanon peruskoulu,2013-07,5.0,M3
2183 Latokartanon peruskoulu,2013-08,128.0,M3
2183 Latokartanon peruskoulu,2013-09,163.0,M3
2183 Latokartanon peruskoulu,2013-10,189.0,M3
2183 Latokartanon peruskoulu,2013-11,171.0,M3
2183 Latokartanon peruskoulu,2013-12,149.0,M3
2183 Latokartanon peruskoulu,2014-01,162.0,M3
2183 Latokartanon peruskoulu,2014-02,138.0,M3
2183 Latokartanon peruskoulu,2014-03,180.0,M3
2183 Latokartanon peruskoulu,2014-04,172.0,M3
2183 Latokartanon peruskoulu,2014-05,178.0,M3
2183 Latokartanon peruskoulu,2014-06,21.0,M3
2183 Latokartanon peruskoulu,2014-07,5.0,M3
2183 Latokartanon peruskoulu,2014-08,125.0,M3
2183 Latokartanon peruskoulu,2014-09,181.0,M3
2183 Latokartanon peruskoulu,2014-10,187.0,M3
2183 Latokartanon peruskoulu,2014-11,178.0,M3
2183 Latokartanon peruskoulu,2014-12,127.0,M3
2183 Latokartanon peruskoulu,2015-01,145.0,M3
2183 Latokartanon peruskoulu,2015-02,113.0,M3
2183 Latokartanon peruskoulu,2015-03,178.0,M3
2183 Latokartanon peruskoulu,2015-04,161.0,M3
2183 Latokartanon peruskoulu,2015-05,140.0,M3
2183 Latokartanon peruskoulu,2015-06,29.0,M3
2183 Latokartanon peruskoulu,2015-07,6.0,M3
2183 Latokartanon peruskoulu,2015-08,112.0,M3
2183 Latokartanon peruskoulu,2015-09,173.0,M3
2183 Latokartanon peruskoulu,2015-10,150.0,M3
2183 Latokartanon peruskoulu,2015-11,150.0,M3
2183 Latokartanon peruskoulu,2015-12,128.0,M3
2183 Latokartanon peruskoulu,2016-01,165.0,M3
2183 Latokartanon peruskoulu,2016-02,147.0,M3
2183 Latokartanon peruskoulu,2016-03,189.0,M3
2183 Latokartanon peruskoulu,2016-04,199.0,M3
2183 Latokartanon peruskoulu,2016-05,182.0,M3
2183 Latokartanon peruskoulu,2016-06,46.0,M3
2183 Latokartanon peruskoulu,2016-07,4.0,M3
2183 Latokartanon peruskoulu,2016-08,180.0,M3
2183 Latokartanon peruskoulu,2016-09,252.0,M3
2183 Latokartanon peruskoulu,2016-10,206.0,M3
2183 Latokartanon peruskoulu,2016-11,261.0,M3
2183 Latokartanon peruskoulu,2016-12,146.0,M3
2183 Latokartanon peruskoulu,2017-01,171.0,M3
2183 Latokartanon peruskoulu,2017-02,170.0,M3
2183 Latokartanon peruskoulu,2017-03,250.0,M3
2183 Latokartanon peruskoulu,2017-04,196.0,M3
2183 Latokartanon peruskoulu,2017-05,153.0,M3
2183 Latokartanon peruskoulu,2017-06,32.0,M3
2183 Latokartanon peruskoulu,2017-07,8.0,M3
2183 Latokartanon peruskoulu,2017-08,135.0,M3
2183 Latokartanon peruskoulu,2017-09,171.0,M3
2183 Latokartanon peruskoulu,2017-10,130.0,M3
2183 Latokartanon peruskoulu,2017-11,184.0,M3
2183 Latokartanon peruskoulu,2017-12,122.0,M3
2183 Latokartanon peruskoulu,2018-01,140.0,M3
2183 Latokartanon peruskoulu,2018-02,128.0,M3
2183 Latokartanon peruskoulu,2018-03,183.0,M3
2183 Latokartanon peruskoulu,2018-04,151.0,M3
2183 Latokartanon peruskoulu,2018-05,159.0,M3
2183 Latokartanon peruskoulu,2018-06,29.0,M3
2183 Latokartanon peruskoulu,2018-07,10.0,M3
2183 Latokartanon peruskoulu,2018-08,149.0,M3
2183 Latokartanon peruskoulu,2018-09,177.0,M3
2183 Latokartanon peruskoulu,2018-10,143.0,M3
2183 Latokartanon peruskoulu,2018-11,214.0,M3
2183 Latokartanon peruskoulu,2018-12,119.0,M3
4022 Taivallahden peruskoulu,2010-01,237.0,M3
4022 Taivallahden peruskoulu,2010-02,214.0,M3
4022 Taivallahden peruskoulu,2010-03,241.0,M3
4022 Taivallahden peruskoulu,2010-04,277.0,M3
4022 Taivallahden peruskoulu,2010-05,210.0,M3
4022 Taivallahden peruskoulu,2010-06,99.0,M3
4022 Taivallahden peruskoulu,2010-07,23.0,M3
4022 Taivallahden peruskoulu,2010-08,147.0,M3
4022 Taivallahden peruskoulu,2010-09,263.0,M3
4022 Taivallahden peruskoulu,2010-10,199.0,M3
4022 Taivallahden peruskoulu,2010-11,201.0,M3
4022 Taivallahden peruskoulu,2010-12,152.0,M3
4022 Taivallahden peruskoulu,2011-01,126.0,M3
4022 Taivallahden peruskoulu,2011-02,218.0,M3
4022 Taivallahden peruskoulu,2011-03,212.0,M3
4022 Taivallahden peruskoulu,2011-04,245.0,M3
4022 Taivallahden peruskoulu,2011-05,227.0,M3
4022 Taivallahden peruskoulu,2011-06,83.0,M3
4022 Taivallahden peruskoulu,2011-07,67.0,M3
4022 Taivallahden peruskoulu,2011-08,171.0,M3
4022 Taivallahden peruskoulu,2011-09,269.0,M3
4022 Taivallahden peruskoulu,2011-10,296.0,M3
4022 Taivallahden peruskoulu,2011-11,297.0,M3
4022 Taivallahden peruskoulu,2011-12,223.0,M3
4022 Taivallahden peruskoulu,2012-01,178.0,M3
4022 Taivallahden peruskoulu,2012-02,217.0,M3
4022 Taivallahden peruskoulu,2012-03,294.0,M3
4022 Taivallahden peruskoulu,2012-04,284.0,M3
4022 Taivallahden peruskoulu,2012-05,264.0,M3
4022 Taivallahden peruskoulu,2012-06,80.0,M3
4022 Taivallahden peruskoulu,2012-07,103.0,M3
4022 Taivallahden peruskoulu,2012-08,189.0,M3
4022 Taivallahden peruskoulu,2012-09,262.0,M3
4022 Taivallahden peruskoulu,2012-10,229.0,M3
4022 Taivallahden peruskoulu,2012-11,213.0,M3
4022 Taivallahden peruskoulu,2012-12,186.0,M3
4022 Taivallahden peruskoulu,2013-01,225.0,M3
4022 Taivallahden peruskoulu,2013-02,134.0,M3
4022 Taivallahden peruskoulu,2013-03,204.0,M3
4022 Taivallahden peruskoulu,2013-04,251.0,M3
4022 Taivallahden peruskoulu,2013-05,185.0,M3
4022 Taivallahden peruskoulu,2013-06,63.0,M3
4022 Taivallahden peruskoulu,2013-07,25.0,M3
4022 Taivallahden peruskoulu,2013-08,202.0,M3
4022 Taivallahden peruskoulu,2013-09,214.0,M3
4022 Taivallahden peruskoulu,2013-10,208.0,M3
4022 Taivallahden peruskoulu,2013-11,231.0,M3
4022 Taivallahden peruskoulu,2013-12,167.0,M3
4022 Taivallahden peruskoulu,2014-01,154.0,M3
4022 Taivallahden peruskoulu,2014-02,172.0,M3
4022 Taivallahden peruskoulu,2014-03,334.0,M3
4022 Taivallahden peruskoulu,2014-04,232.0,M3
4022 Taivallahden peruskoulu,2014-05,240.0,M3
4022 Taivallahden peruskoulu,2014-06,102.0,M3
4022 Taivallahden peruskoulu,2014-07,256.0,M3
4022 Taivallahden peruskoulu,2014-08,191.0,M3
4022 Taivallahden peruskoulu,2014-09,180.0,M3
4022 Taivallahden peruskoulu,2014-10,215.0,M3
4022 Taivallahden peruskoulu,2014-11,225.0,M3
4022 Taivallahden peruskoulu,2014-12,205.0,M3
4022 Taivallahden peruskoulu,2015-01,177.0,M3
4022 Taivallahden peruskoulu,2015-02,170.0,M3
4022 Taivallahden peruskoulu,2015-03,295.0,M3
4022 Taivallahden peruskoulu,2015-04,198.0,M3
4022 Taivallahden peruskoulu,2015-05,223.0,M3
4022 Taivallahden peruskoulu,2015-06,273.0,M3
4022 Taivallahden peruskoulu,2015-07,240.0,M3
4022 Taivallahden peruskoulu,2015-08,123.0,M3
4022 Taivallahden peruskoulu,2015-09,150.0,M3
4022 Taivallahden peruskoulu,2015-10,146.0,M3
4022 Taivallahden peruskoulu,2015-11,140.0,M3
4022 Taivallahden peruskoulu,2015-12,97.0,M3
4022 Taivallahden peruskoulu,2016-01,43.0,M3
4022 Taivallahden peruskoulu,2016-02,67.0,M3
4022 Taivallahden peruskoulu,2016-03,72.0,M3
4022 Taivallahden peruskoulu,2016-04,96.0,M3
4022 Taivallahden peruskoulu,2016-05,6.0,M3
4022 Taivallahden peruskoulu,2016-06,3.0,M3
4022 Taivallahden peruskoulu,2016-07,137.0,M3
4022 Taivallahden peruskoulu,2016-08,144.0,M3
4022 Taivallahden peruskoulu,2016-09,237.0,M3
4022 Taivallahden peruskoulu,2016-10,183.0,M3
4022 Taivallahden peruskoulu,2016-11,202.0,M3
4022 Taivallahden peruskoulu,2016-12,159.0,M3
4022 Taivallahden peruskoulu,2017-01,130.0,M3
4022 Taivallahden peruskoulu,2017-02,145.0,M3
4022 Taivallahden peruskoulu,2017-03,234.0,M3
4022 Taivallahden peruskoulu,2017-04,235.0,M3
4022 Taivallahden peruskoulu,2017-05,221.0,M3
4022 Taivallahden peruskoulu,2017-06,77.0,M3
4022 Taivallahden peruskoulu,2017-07,105.0,M3
4022 Taivallahden peruskoulu,2017-08,168.0,M3
4022 Taivallahden peruskoulu,2017-09,216.0,M3
4022 Taivallahden peruskoulu,2017-10,174.0,M3
4022 Taivallahden peruskoulu,2017-11,221.0,M3
4022 Taivallahden peruskoulu,2017-12,136.0,M3
4022 Taivallahden peruskoulu,2018-01,179.0,M3
4022 Taivallahden peruskoulu,2018-02,146.0,M3
4022 Taivallahden peruskoulu,2018-03,199.0,M3
4022 Taivallahden peruskoulu,2018-04,256.0,M3
4022 Taivallahden peruskoulu,2018-05,191.0,M3
4022 Taivallahden peruskoulu,2018-06,70.0,M3
4022 Taivallahden peruskoulu,2018-07,73.0,M3
4022 Taivallahden peruskoulu,2018-08,155.0,M3
4022 Taivallahden peruskoulu,2018-09,188.0,M3
4022 Taivallahden peruskoulu,2018-10,172.0,M3
4022 Taivallahden peruskoulu,2018-11,265.0,M3
4022 Taivallahden peruskoulu,2018-12,169.0,M3
4236 Itäkeskuksen peruskoulu,2010-01,182.0,M3
4236 Itäkeskuksen peruskoulu,2010-02,165.0,M3
4236 Itäkeskuksen peruskoulu,2010-03,212.0,M3
4236 Itäkeskuksen peruskoulu,2010-04,215.0,M3
4236 Itäkeskuksen peruskoulu,2010-05,211.0,M3
4236 Itäkeskuksen peruskoulu,2010-06,107.0,M3
4236 Itäkeskuksen peruskoulu,2010-07,100.0,M3
4236 Itäkeskuksen peruskoulu,2010-08,117.0,M3
4236 Itäkeskuksen peruskoulu,2010-09,315.0,M3
4236 Itäkeskuksen peruskoulu,2010-10,165.0,M3
4236 Itäkeskuksen peruskoulu,2010-11,155.0,M3
4236 Itäkeskuksen peruskoulu,2010-12,117.0,M3
4236 Itäkeskuksen peruskoulu,2011-01,113.0,M3
4236 Itäkeskuksen peruskoulu,2011-02,108.0,M3
4236 Itäkeskuksen peruskoulu,2011-03,202.0,M3
4236 Itäkeskuksen peruskoulu,2011-04,173.0,M3
4236 Itäkeskuksen peruskoulu,2011-05,156.0,M3
4236 Itäkeskuksen peruskoulu,2011-06,91.0,M3
4236 Itäkeskuksen peruskoulu,2011-07,14.0,M3
4236 Itäkeskuksen peruskoulu,2011-08,112.0,M3
4236 Itäkeskuksen peruskoulu,2011-09,138.0,M3
4236 Itäkeskuksen peruskoulu,2011-10,209.0,M3
4236 Itäkeskuksen peruskoulu,2011-11,193.0,M3
4236 Itäkeskuksen peruskoulu,2011-12,99.0,M3
4236 Itäkeskuksen peruskoulu,2012-01,150.0,M3
4236 Itäkeskuksen peruskoulu,2012-02,121.0,M3
4236 Itäkeskuksen peruskoulu,2012-03,152.0,M3
4236 Itäkeskuksen peruskoulu,2012-04,149.0,M3
4236 Itäkeskuksen peruskoulu,2012-05,127.0,M3
4236 Itäkeskuksen peruskoulu,2012-06,47.0,M3
4236 Itäkeskuksen peruskoulu,2012-07,7.0,M3
4236 Itäkeskuksen peruskoulu,2012-08,104.0,M3
4236 Itäkeskuksen peruskoulu,2012-09,165.0,M3
4236 Itäkeskuksen peruskoulu,2012-10,164.0,M3
4236 Itäkeskuksen peruskoulu,2012-11,164.0,M3
4236 Itäkeskuksen peruskoulu,2012-12,98.0,M3
4236 Itäkeskuksen peruskoulu,2013-01,156.0,M3
4236 Itäkeskuksen peruskoulu,2013-02,125.0,M3
4236 Itäkeskuksen peruskoulu,2013-03,175.0,M3
4236 Itäkeskuksen peruskoulu,2013-04,149.0,M3
4236 Itäkeskuksen peruskoulu,2013-05,157.0,M3
4236 Itäkeskuksen peruskoulu,2013-06,22.0,M3
4236 Itäkeskuksen peruskoulu,2013-07,11.0,M3
4236 Itäkeskuksen peruskoulu,2013-08,114.0,M3
4236 Itäkeskuksen peruskoulu,2013-09,164.0,M3
4236 Itäkeskuksen peruskoulu,2013-10,168.0,M3
4236 Itäkeskuksen peruskoulu,2013-11,175.0,M3
4236 Itäkeskuksen peruskoulu,2013-12,133.0,M3
4236 Itäkeskuksen peruskoulu,2014-01,150.0,M3
4236 Itäkeskuksen peruskoulu,2014-02,123.0,M3
4236 Itäkeskuksen peruskoulu,2014-03,171.0,M3
4236 Itäkeskuksen peruskoulu,2014-04,153.0,M3
4236 Itäkeskuksen peruskoulu,2014-05,141.0,M3
4236 Itäkeskuksen peruskoulu,2014-06,29.0,M3
4236 Itäkeskuksen peruskoulu,2014-07,12.0,M3
4236 Itäkeskuksen peruskoulu,2014-08,125.0,M3
4236 Itäkeskuksen peruskoulu,2014-09,170.0,M3
4236 Itäkeskuksen peruskoulu,2014-10,179.0,M3
4236 Itäkeskuksen peruskoulu,2014-11,164.0,M3
4236 Itäkeskuksen peruskoulu,2014-12,118.0,M3
4236 Itäkeskuksen peruskoulu,2015-01,138.0,M3
4236 Itäkeskuksen peruskoulu,2015-02,122.0,M3
4236 Itäkeskuksen peruskoulu,2015-03,166.0,M3
4236 Itäkeskuksen peruskoulu,2015-04,144.0,M3
4236 Itäkeskuksen peruskoulu,2015-05,132.0,M3
4236 Itäkeskuksen peruskoulu,2015-06,4.0,M3
4236 Itäkeskuksen peruskoulu,2015-07,62.0,M3
4236 Itäkeskuksen peruskoulu,2015-08,76.0,M3
4236 Itäkeskuksen peruskoulu,2015-09,220.0,M3
4236 Itäkeskuksen peruskoulu,2015-10,169.0,M3
4236 Itäkeskuksen peruskoulu,2015-11,145.0,M3
4236 Itäkeskuksen peruskoulu,2015-12,109.0,M3
4236 Itäkeskuksen peruskoulu,2016-01,110.0,M3
4236 Itäkeskuksen peruskoulu,2016-02,104.0,M3
4236 Itäkeskuksen peruskoulu,2016-03,160.0,M3
4236 Itäkeskuksen peruskoulu,2016-04,165.0,M3
4236 Itäkeskuksen peruskoulu,2016-05,139.0,M3
4236 Itäkeskuksen peruskoulu,2016-06,43.0,M3
4236 Itäkeskuksen peruskoulu,2016-07,16.0,M3
4236 Itäkeskuksen peruskoulu,2016-08,94.0,M3
4236 Itäkeskuksen peruskoulu,2016-09,160.0,M3
4236 Itäkeskuksen peruskoulu,2016-10,121.0,M3
4236 Itäkeskuksen peruskoulu,2016-11,159.0,M3
4236 Itäkeskuksen peruskoulu,2016-12,98.0,M3
4236 Itäkeskuksen peruskoulu,2017-01,110.0,M3
4236 Itäkeskuksen peruskoulu,2017-02,101.0,M3
4236 Itäkeskuksen peruskoulu,2017-03,175.0,M3
4236 Itäkeskuksen peruskoulu,2017-04,138.0,M3
4236 Itäkeskuksen peruskoulu,2017-05,159.0,M3
4236 Itäkeskuksen peruskoulu,2017-06,34.0,M3
4236 Itäkeskuksen peruskoulu,2017-07,17.0,M3
4236 Itäkeskuksen peruskoulu,2017-08,123.0,M3
4236 Itäkeskuksen peruskoulu,2017-09,159.0,M3
4236 Itäkeskuksen peruskoulu,2017-10,132.0,M3
4236 Itäkeskuksen peruskoulu,2017-11,148.0,M3
4236 Itäkeskuksen peruskoulu,2017-12,95.0,M3
4236 Itäkeskuksen peruskoulu,2018-01,141.0,M3
4236 Itäkeskuksen peruskoulu,2018-02,92.0,M3
4236 Itäkeskuksen peruskoulu,2018-03,151.0,M3
4236 Itäkeskuksen peruskoulu,2018-04,164.0,M3
4236 Itäkeskuksen peruskoulu,2018-05,145.0,M3
4236 Itäkeskuksen peruskoulu,2018-06,32.0,M3
4236 Itäkeskuksen peruskoulu,2018-07,7.0,M3
4236 Itäkeskuksen peruskoulu,2018-08,110.0,M3
4236 Itäkeskuksen peruskoulu,2018-09,150.0,M3
4236 Itäkeskuksen peruskoulu,2018-10,121.0,M3
4236 Itäkeskuksen peruskoulu,2018-11,114.0,M3
4236 Itäkeskuksen peruskoulu,2018-12,117.0,M3
4303 Kontulan ala-asteen koulu,2010-01,106.0,M3
4303 Kontulan ala-asteen koulu,2010-02,91.0,M3
4303 Kontulan ala-asteen koulu,2010-03,124.0,M3
4303 Kontulan ala-asteen koulu,2010-04,116.0,M3
4303 Kontulan ala-asteen koulu,2010-05,110.0,M3
4303 Kontulan ala-asteen koulu,2010-06,77.0,M3
4303 Kontulan ala-asteen koulu,2010-07,49.0,M3
4303 Kontulan ala-asteen koulu,2010-08,199.0,M3
4303 Kontulan ala-asteen koulu,2010-09,138.0,M3
4303 Kontulan ala-asteen koulu,2010-10,118.0,M3
4303 Kontulan ala-asteen koulu,2010-11,125.0,M3
4303 Kontulan ala-asteen koulu,2010-12,89.0,M3
4303 Kontulan ala-asteen koulu,2011-01,92.0,M3
4303 Kontulan ala-asteen koulu,2011-02,93.0,M3
4303 Kontulan ala-asteen koulu,2011-03,130.0,M3
4303 Kontulan ala-asteen koulu,2011-04,111.0,M3
4303 Kontulan ala-asteen koulu,2011-05,128.0,M3
4303 Kontulan ala-asteen koulu,2011-06,59.0,M3
4303 Kontulan ala-asteen koulu,2011-07,14.0,M3
4303 Kontulan ala-asteen koulu,2011-08,91.0,M3
4303 Kontulan ala-asteen koulu,2011-09,135.0,M3
4303 Kontulan ala-asteen koulu,2011-10,119.0,M3
4303 Kontulan ala-asteen koulu,2011-11,148.0,M3
4303 Kontulan ala-asteen koulu,2011-12,96.0,M3
4303 Kontulan ala-asteen koulu,2012-01,89.0,M3
4303 Kontulan ala-asteen koulu,2012-02,97.0,M3
4303 Kontulan ala-asteen koulu,2012-03,142.0,M3
4303 Kontulan ala-asteen koulu,2012-04,117.0,M3
4303 Kontulan ala-asteen koulu,2012-05,106.0,M3
4303 Kontulan ala-asteen koulu,2012-06,26.0,M3
4303 Kontulan ala-asteen koulu,2012-07,6.0,M3
4303 Kontulan ala-asteen koulu,2012-08,89.0,M3
4303 Kontulan ala-asteen koulu,2012-09,124.0,M3
4303 Kontulan ala-asteen koulu,2012-10,131.0,M3
4303 Kontulan ala-asteen koulu,2012-11,152.0,M3
4303 Kontulan ala-asteen koulu,2012-12,79.0,M3
4303 Kontulan ala-asteen koulu,2013-01,109.0,M3
4303 Kontulan ala-asteen koulu,2013-02,124.0,M3
4303 Kontulan ala-asteen koulu,2013-03,137.0,M3
4303 Kontulan ala-asteen koulu,2013-04,122.0,M3
4303 Kontulan ala-asteen koulu,2013-05,95.0,M3
4303 Kontulan ala-asteen koulu,2013-06,49.0,M3
4303 Kontulan ala-asteen koulu,2013-07,16.0,M3
4303 Kontulan ala-asteen koulu,2013-08,94.0,M3
4303 Kontulan ala-asteen koulu,2013-09,160.0,M3
4303 Kontulan ala-asteen koulu,2013-10,132.0,M3
4303 Kontulan ala-asteen koulu,2013-11,137.0,M3
4303 Kontulan ala-asteen koulu,2013-12,88.0,M3
4303 Kontulan ala-asteen koulu,2014-01,118.0,M3
4303 Kontulan ala-asteen koulu,2014-02,95.0,M3
4303 Kontulan ala-asteen koulu,2014-03,139.0,M3
4303 Kontulan ala-asteen koulu,2014-04,131.0,M3
4303 Kontulan ala-asteen koulu,2014-05,121.0,M3
4303 Kontulan ala-asteen koulu,2014-06,53.0,M3
4303 Kontulan ala-asteen koulu,2014-07,171.0,M3
4303 Kontulan ala-asteen koulu,2014-08,323.0,M3
4303 Kontulan ala-asteen koulu,2014-09,169.0,M3
4303 Kontulan ala-asteen koulu,2014-10,141.0,M3
4303 Kontulan ala-asteen koulu,2014-11,136.0,M3
4303 Kontulan ala-asteen koulu,2014-12,97.0,M3
4303 Kontulan ala-asteen koulu,2015-01,106.0,M3
4303 Kontulan ala-asteen koulu,2015-02,102.0,M3
4303 Kontulan ala-asteen koulu,2015-03,129.0,M3
4303 Kontulan ala-asteen koulu,2015-04,139.0,M3
4303 Kontulan ala-asteen koulu,2015-05,121.0,M3
4303 Kontulan ala-asteen koulu,2015-06,84.0,M3
4303 Kontulan ala-asteen koulu,2015-07,86.0,M3
4303 Kontulan ala-asteen koulu,2015-08,93.0,M3
4303 Kontulan ala-asteen koulu,2015-09,135.0,M3
4303 Kontulan ala-asteen koulu,2015-10,119.0,M3
4303 Kontulan ala-asteen koulu,2015-11,117.0,M3
4303 Kontulan ala-asteen koulu,2015-12,84.0,M3
4303 Kontulan ala-asteen koulu,2016-01,107.0,M3
4303 Kontulan ala-asteen koulu,2016-02,87.0,M3
4303 Kontulan ala-asteen koulu,2016-03,280.0,M3
4303 Kontulan ala-asteen koulu,2016-04,91.0,M3
4303 Kontulan ala-asteen koulu,2016-05,87.0,M3
4303 Kontulan ala-asteen koulu,2016-06,36.0,M3
4303 Kontulan ala-asteen koulu,2016-07,35.0,M3
4303 Kontulan ala-asteen koulu,2016-08,35.0,M3
4303 Kontulan ala-asteen koulu,2016-09,318.0,M3
4303 Kontulan ala-asteen koulu,2016-10,83.0,M3
4303 Kontulan ala-asteen koulu,2016-11,80.0,M3
4303 Kontulan ala-asteen koulu,2016-12,72.0,M3
4303 Kontulan ala-asteen koulu,2017-01,72.0,M3
4303 Kontulan ala-asteen koulu,2017-02,128.0,M3
4303 Kontulan ala-asteen koulu,2017-03,142.0,M3
4303 Kontulan ala-asteen koulu,2017-04,215.0,M3
4303 Kontulan ala-asteen koulu,2017-05,80.0,M3
4303 Kontulan ala-asteen koulu,2017-06,77.0,M3
4303 Kontulan ala-asteen koulu,2017-07,6.0,M3
4303 Kontulan ala-asteen koulu,2017-08,96.0,M3
4303 Kontulan ala-asteen koulu,2017-09,124.0,M3
4303 Kontulan ala-asteen koulu,2017-10,100.0,M3
4303 Kontulan ala-asteen koulu,2017-11,135.0,M3
4303 Kontulan ala-asteen koulu,2017-12,131.0,M3
4303 Kontulan ala-asteen koulu,2018-01,131.0,M3
4303 Kontulan ala-asteen koulu,2018-02,157.0,M3
4303 Kontulan ala-asteen koulu,2018-03,185.0,M3
4303 Kontulan ala-asteen koulu,2018-04,179.0,M3
4303 Kontulan ala-asteen koulu,2018-05,185.0,M3
4303 Kontulan ala-asteen koulu,2018-06,23.0,M3
4303 Kontulan ala-asteen koulu,2018-07,8.0,M3
4303 Kontulan ala-asteen koulu,2018-08,104.0,M3
4303 Kontulan ala-asteen koulu,2018-09,133.0,M3
4303 Kontulan ala-asteen koulu,2018-10,148.0,M3
4303 Kontulan ala-asteen koulu,2018-11,137.0,M3
4303 Kontulan ala-asteen koulu,2018-12,101.0,M3
4320 Crusellin peruskoulu,2010-01,103.0,M3
4320 Crusellin peruskoulu,2010-02,101.0,M3
4320 Crusellin peruskoulu,2010-03,124.0,M3
4320 Crusellin peruskoulu,2010-04,128.0,M3
4320 Crusellin peruskoulu,2010-05,114.0,M3
4320 Crusellin peruskoulu,2010-06,35.0,M3
4320 Crusellin peruskoulu,2010-07,18.0,M3
4320 Crusellin peruskoulu,2010-08,63.0,M3
4320 Crusellin peruskoulu,2010-09,92.0,M3
4320 Crusellin peruskoulu,2010-10,94.0,M3
4320 Crusellin peruskoulu,2010-11,113.0,M3
4320 Crusellin peruskoulu,2010-12,63.0,M3
4320 Crusellin peruskoulu,2011-01,57.0,M3
4320 Crusellin peruskoulu,2011-02,62.0,M3
4320 Crusellin peruskoulu,2011-03,92.0,M3
4320 Crusellin peruskoulu,2011-04,79.0,M3
4320 Crusellin peruskoulu,2011-05,84.0,M3
4320 Crusellin peruskoulu,2011-06,22.0,M3
4320 Crusellin peruskoulu,2011-07,9.0,M3
4320 Crusellin peruskoulu,2011-08,54.0,M3
4320 Crusellin peruskoulu,2011-09,104.0,M3
4320 Crusellin peruskoulu,2011-10,94.0,M3
4320 Crusellin peruskoulu,2011-11,102.0,M3
4320 Crusellin peruskoulu,2011-12,68.0,M3
4320 Crusellin peruskoulu,2012-01,71.0,M3
4320 Crusellin peruskoulu,2012-02,68.0,M3
4320 Crusellin peruskoulu,2012-03,98.0,M3
4320 Crusellin peruskoulu,2012-04,66.0,M3
4320 Crusellin peruskoulu,2012-05,102.0,M3
4320 Crusellin peruskoulu,2012-06,20.0,M3
4320 Crusellin peruskoulu,2012-07,20.0,M3
4320 Crusellin peruskoulu,2012-08,44.0,M3
4320 Crusellin peruskoulu,2012-09,94.0,M3
4320 Crusellin peruskoulu,2012-10,84.0,M3
4320 Crusellin peruskoulu,2012-11,89.0,M3
4320 Crusellin peruskoulu,2012-12,50.0,M3
4320 Crusellin peruskoulu,2013-01,79.0,M3
4320 Crusellin peruskoulu,2013-02,66.0,M3
4320 Crusellin peruskoulu,2013-03,94.0,M3
4320 Crusellin peruskoulu,2013-04,83.0,M3
4320 Crusellin peruskoulu,2013-05,87.0,M3
4320 Crusellin peruskoulu,2013-06,19.0,M3
4320 Crusellin peruskoulu,2013-07,5.0,M3
4320 Crusellin peruskoulu,2013-08,60.0,M3
4320 Crusellin peruskoulu,2013-09,88.0,M3
4320 Crusellin peruskoulu,2013-10,92.0,M3
4320 Crusellin peruskoulu,2013-11,87.0,M3
4320 Crusellin peruskoulu,2013-12,56.0,M3
4320 Crusellin peruskoulu,2014-01,82.0,M3
4320 Crusellin peruskoulu,2014-02,82.0,M3
4320 Crusellin peruskoulu,2014-03,118.0,M3
4320 Crusellin peruskoulu,2014-04,124.0,M3
4320 Crusellin peruskoulu,2014-05,128.0,M3
4320 Crusellin peruskoulu,2014-06,58.0,M3
4320 Crusellin peruskoulu,2014-07,38.0,M3
4320 Crusellin peruskoulu,2014-08,94.0,M3
4320 Crusellin peruskoulu,2014-09,130.0,M3
4320 Crusellin peruskoulu,2014-10,142.0,M3
4320 Crusellin peruskoulu,2014-11,136.0,M3
4320 Crusellin peruskoulu,2014-12,131.0,M3
4320 Crusellin peruskoulu,2015-01,131.0,M3
4320 Crusellin peruskoulu,2015-02,134.0,M3
4320 Crusellin peruskoulu,2015-03,174.0,M3
4320 Crusellin peruskoulu,2015-04,122.0,M3
4320 Crusellin peruskoulu,2015-05,93.0,M3
4320 Crusellin peruskoulu,2015-06,9.0,M3
4320 Crusellin peruskoulu,2015-07,99.0,M3
4320 Crusellin peruskoulu,2015-08,78.0,M3
4320 Crusellin peruskoulu,2015-09,89.0,M3
4320 Crusellin peruskoulu,2015-10,79.0,M3
4320 Crusellin peruskoulu,2015-11,89.0,M3
4320 Crusellin peruskoulu,2015-12,64.0,M3
4320 Crusellin peruskoulu,2016-01,63.0,M3
4320 Crusellin peruskoulu,2016-02,65.0,M3
4320 Crusellin peruskoulu,2016-03,89.0,M3
4320 Crusellin peruskoulu,2016-04,95.0,M3
4320 Crusellin peruskoulu,2016-05,76.0,M3
4320 Crusellin peruskoulu,2016-06,25.0,M3
4320 Crusellin peruskoulu,2016-07,5.0,M3
4320 Crusellin peruskoulu,2016-08,59.0,M3
4320 Crusellin peruskoulu,2016-09,103.0,M3
4320 Crusellin peruskoulu,2016-10,70.0,M3
4320 Crusellin peruskoulu,2016-11,94.0,M3
4320 Crusellin peruskoulu,2016-12,61.0,M3
4320 Crusellin peruskoulu,2017-01,75.0,M3
4320 Crusellin peruskoulu,2017-02,88.0,M3
4320 Crusellin peruskoulu,2017-03,112.0,M3
4320 Crusellin peruskoulu,2017-04,72.0,M3
4320 Crusellin peruskoulu,2017-05,71.0,M3
4320 Crusellin peruskoulu,2017-06,40.0,M3
4320 Crusellin peruskoulu,2017-07,37.0,M3
4320 Crusellin peruskoulu,2017-08,62.0,M3
4320 Crusellin peruskoulu,2017-09,72.0,M3
4320 Crusellin peruskoulu,2017-10,76.0,M3
4320 Crusellin peruskoulu,2017-11,94.0,M3
4320 Crusellin peruskoulu,2017-12,82.0,M3
4320 Crusellin peruskoulu,2018-01,83.0,M3
4320 Crusellin peruskoulu,2018-02,75.0,M3
4320 Crusellin peruskoulu,2018-03,102.0,M3
4320 Crusellin peruskoulu,2018-04,96.0,M3
4320 Crusellin peruskoulu,2018-05,89.0,M3
4320 Crusellin peruskoulu,2018-06,13.0,M3
4320 Crusellin peruskoulu,2018-07,13.0,M3
4320 Crusellin peruskoulu,2018-08,75.0,M3
4320 Crusellin peruskoulu,2018-09,99.0,M3
4320 Crusellin peruskoulu,2018-10,93.0,M3
4320 Crusellin peruskoulu,2018-11,115.0,M3
4320 Crusellin peruskoulu,2018-12,104.0,M3
4513 Aurinkolahden peruskoulu,2010-01,179.0,M3
4513 Aurinkolahden peruskoulu,2010-02,143.0,M3
4513 Aurinkolahden peruskoulu,2010-03,186.0,M3
4513 Aurinkolahden peruskoulu,2010-04,144.0,M3
4513 Aurinkolahden peruskoulu,2010-05,135.0,M3
4513 Aurinkolahden peruskoulu,2010-06,41.0,M3
4513 Aurinkolahden peruskoulu,2010-07,70.0,M3
4513 Aurinkolahden peruskoulu,2010-08,101.0,M3
4513 Aurinkolahden peruskoulu,2010-09,152.0,M3
4513 Aurinkolahden peruskoulu,2010-10,137.0,M3
4513 Aurinkolahden peruskoulu,2010-11,168.0,M3
4513 Aurinkolahden peruskoulu,2010-12,103.0,M3
4513 Aurinkolahden peruskoulu,2011-01,117.0,M3
4513 Aurinkolahden peruskoulu,2011-02,117.0,M3
4513 Aurinkolahden peruskoulu,2011-03,187.0,M3
4513 Aurinkolahden peruskoulu,2011-04,149.0,M3
4513 Aurinkolahden peruskoulu,2011-05,170.0,M3
4513 Aurinkolahden peruskoulu,2011-06,42.0,M3
4513 Aurinkolahden peruskoulu,2011-07,12.0,M3
4513 Aurinkolahden peruskoulu,2011-08,83.0,M3
4513 Aurinkolahden peruskoulu,2011-09,171.0,M3
4513 Aurinkolahden peruskoulu,2011-10,140.0,M3
4513 Aurinkolahden peruskoulu,2011-11,158.0,M3
4513 Aurinkolahden peruskoulu,2011-12,132.0,M3
4513 Aurinkolahden peruskoulu,2012-01,136.0,M3
4513 Aurinkolahden peruskoulu,2012-02,117.0,M3
4513 Aurinkolahden peruskoulu,2012-03,174.0,M3
4513 Aurinkolahden peruskoulu,2012-04,139.0,M3
4513 Aurinkolahden peruskoulu,2012-05,138.0,M3
4513 Aurinkolahden peruskoulu,2012-06,33.0,M3
4513 Aurinkolahden peruskoulu,2012-07,10.0,M3
4513 Aurinkolahden peruskoulu,2012-08,152.0,M3
4513 Aurinkolahden peruskoulu,2012-09,124.0,M3
4513 Aurinkolahden peruskoulu,2012-10,159.0,M3
4513 Aurinkolahden peruskoulu,2012-11,144.0,M3
4513 Aurinkolahden peruskoulu,2012-12,144.0,M3
4513 Aurinkolahden peruskoulu,2013-01,164.0,M3
4513 Aurinkolahden peruskoulu,2013-02,129.0,M3
4513 Aurinkolahden peruskoulu,2013-03,223.0,M3
4513 Aurinkolahden peruskoulu,2013-04,137.0,M3
4513 Aurinkolahden peruskoulu,2013-05,143.0,M3
4513 Aurinkolahden peruskoulu,2013-06,22.0,M3
4513 Aurinkolahden peruskoulu,2013-07,20.0,M3
4513 Aurinkolahden peruskoulu,2013-08,104.0,M3
4513 Aurinkolahden peruskoulu,2013-09,167.0,M3
4513 Aurinkolahden peruskoulu,2013-10,125.0,M3
4513 Aurinkolahden peruskoulu,2013-11,147.0,M3
4513 Aurinkolahden peruskoulu,2013-12,91.0,M3
4513 Aurinkolahden peruskoulu,2014-01,133.0,M3
4513 Aurinkolahden peruskoulu,2014-02,103.0,M3
4513 Aurinkolahden peruskoulu,2014-03,152.0,M3
4513 Aurinkolahden peruskoulu,2014-04,124.0,M3
4513 Aurinkolahden peruskoulu,2014-05,124.0,M3
4513 Aurinkolahden peruskoulu,2014-06,30.0,M3
4513 Aurinkolahden peruskoulu,2014-07,45.0,M3
4513 Aurinkolahden peruskoulu,2014-08,98.0,M3
4513 Aurinkolahden peruskoulu,2014-09,161.0,M3
4513 Aurinkolahden peruskoulu,2014-10,153.0,M3
4513 Aurinkolahden peruskoulu,2014-11,171.0,M3
4513 Aurinkolahden peruskoulu,2014-12,114.0,M3
4513 Aurinkolahden peruskoulu,2015-01,140.0,M3
4513 Aurinkolahden peruskoulu,2015-02,153.0,M3
4513 Aurinkolahden peruskoulu,2015-03,175.0,M3
4513 Aurinkolahden peruskoulu,2015-04,140.0,M3
4513 Aurinkolahden peruskoulu,2015-05,149.0,M3
4513 Aurinkolahden peruskoulu,2015-06,20.0,M3
4513 Aurinkolahden peruskoulu,2015-07,40.0,M3
4513 Aurinkolahden peruskoulu,2015-08,120.0,M3
4513 Aurinkolahden peruskoulu,2015-09,216.0,M3
4513 Aurinkolahden peruskoulu,2015-10,144.0,M3
4513 Aurinkolahden peruskoulu,2015-11,159.0,M3
4513 Aurinkolahden peruskoulu,2015-12,121.0,M3
4513 Aurinkolahden peruskoulu,2016-01,123.0,M3
4513 Aurinkolahden peruskoulu,2016-02,145.0,M3
4513 Aurinkolahden peruskoulu,2016-03,237.0,M3
4513 Aurinkolahden peruskoulu,2016-04,152.0,M3
4513 Aurinkolahden peruskoulu,2016-05,129.0,M3
4513 Aurinkolahden peruskoulu,2016-06,49.0,M3
4513 Aurinkolahden peruskoulu,2016-07,12.0,M3
4513 Aurinkolahden peruskoulu,2016-08,99.0,M3
4513 Aurinkolahden peruskoulu,2016-09,154.0,M3
4513 Aurinkolahden peruskoulu,2016-10,121.0,M3
4513 Aurinkolahden peruskoulu,2016-11,147.0,M3
4513 Aurinkolahden peruskoulu,2016-12,132.0,M3
4513 Aurinkolahden peruskoulu,2017-01,118.0,M3
4513 Aurinkolahden peruskoulu,2017-02,106.0,M3
4513 Aurinkolahden peruskoulu,2017-03,159.0,M3
4513 Aurinkolahden peruskoulu,2017-04,137.0,M3
4513 Aurinkolahden peruskoulu,2017-05,125.0,M3
4513 Aurinkolahden peruskoulu,2017-06,35.0,M3
4513 Aurinkolahden peruskoulu,2017-07,4.0,M3
4513 Aurinkolahden peruskoulu,2017-08,101.0,M3
4513 Aurinkolahden peruskoulu,2017-09,148.0,M3
4513 Aurinkolahden peruskoulu,2017-10,111.0,M3
4513 Aurinkolahden peruskoulu,2017-11,160.0,M3
4513 Aurinkolahden peruskoulu,2017-12,103.0,M3
4513 Aurinkolahden peruskoulu,2018-01,107.0,M3
4513 Aurinkolahden peruskoulu,2018-02,105.0,M3
4513 Aurinkolahden peruskoulu,2018-03,145.0,M3
4513 Aurinkolahden peruskoulu,2018-04,139.0,M3
4513 Aurinkolahden peruskoulu,2018-05,145.0,M3
4513 Aurinkolahden peruskoulu,2018-06,30.0,M3
4513 Aurinkolahden peruskoulu,2018-07,7.0,M3
4513 Aurinkolahden peruskoulu,2018-08,113.0,M3
4513 Aurinkolahden peruskoulu,2018-09,174.0,M3
4513 Aurinkolahden peruskoulu,2018-10,125.0,M3
4513 Aurinkolahden peruskoulu,2018-11,158.0,M3
4513 Aurinkolahden peruskoulu,2018-12,105.0,M3
4521 Tammisalon korttelitalo/Lpk Tammisalo/koulu,2010-01,40.0,M3
4521 Tammisalon korttelitalo/Lpk Tammisalo/koulu,2010-02,55.0,M3
4521 Tammisalon korttelitalo/Lpk Tammisalo/koulu,2010-03,56.0,M3
4521 Tammisalon korttelitalo/Lpk Tammisalo/koulu,2010-04,73.0,M3
4521 Tammisalon korttelitalo/Lpk Tammisalo/koulu,2010-05,50.0,M3
4521 Tammisalon korttelitalo/Lpk Tammisalo/koulu,2010-06,21.0,M3
4521 Tammisalon korttelitalo/Lpk Tammisalo/koulu,2010-07,24.0,M3
4521 Tammisalon korttelitalo/Lpk Tammisalo/koulu,2010-08,43.0,M3
4521 Tammisalon korttelitalo/Lpk Tammisalo/koulu,2010-09,67.0,M3
4521 Tammisalon korttelitalo/Lpk Tammisalo/koulu,2010-10,55.0,M3
4521 Tammisalon korttelitalo/Lpk Tammisalo/koulu,2010-11,56.0,M3
4521 Tammisalon korttelitalo/Lpk Tammisalo/koulu,2010-12,53.0,M3
4521 Tammisalon korttelitalo/Lpk Tammisalo/koulu,2011-01,56.0,M3
4521 Tammisalon korttelitalo/Lpk Tammisalo/koulu,2011-02,54.0,M3
4521 Tammisalon korttelitalo/Lpk Tammisalo/koulu,2011-03,84.0,M3
4521 Tammisalon korttelitalo/Lpk Tammisalo/koulu,2011-04,47.0,M3
4521 Tammisalon korttelitalo/Lpk Tammisalo/koulu,2011-05,59.0,M3
4521 Tammisalon korttelitalo/Lpk Tammisalo/koulu,2011-06,31.0,M3
4521 Tammisalon korttelitalo/Lpk Tammisalo/koulu,2011-07,2.0,M3
4521 Tammisalon korttelitalo/Lpk Tammisalo/koulu,2011-08,47.0,M3
4521 Tammisalon korttelitalo/Lpk Tammisalo/koulu,2011-09,60.0,M3
4521 Tammisalon korttelitalo/Lpk Tammisalo/koulu,2011-10,63.0,M3
4521 Tammisalon korttelitalo/Lpk Tammisalo/koulu,2011-11,68.0,M3
4521 Tammisalon korttelitalo/Lpk Tammisalo/koulu,2011-12,44.0,M3
4521 Tammisalon korttelitalo/Lpk Tammisalo/koulu,2012-01,56.0,M3
4521 Tammisalon korttelitalo/Lpk Tammisalo/koulu,2012-02,60.0,M3
4521 Tammisalon korttelitalo/Lpk Tammisalo/koulu,2012-03,74.0,M3
4521 Tammisalon korttelitalo/Lpk Tammisalo/koulu,2012-04,65.0,M3
4521 Tammisalon korttelitalo/Lpk Tammisalo/koulu,2012-05,83.0,M3
4521 Tammisalon korttelitalo/Lpk Tammisalo/koulu,2012-06,41.0,M3
4521 Tammisalon korttelitalo/Lpk Tammisalo/koulu,2012-07,1.0,M3
4521 Tammisalon korttelitalo/Lpk Tammisalo/koulu,2012-08,56.0,M3
4521 Tammisalon korttelitalo/Lpk Tammisalo/koulu,2012-09,65.0,M3
4521 Tammisalon korttelitalo/Lpk Tammisalo/koulu,2012-10,69.0,M3
4521 Tammisalon korttelitalo/Lpk Tammisalo/koulu,2012-11,59.0,M3
4521 Tammisalon korttelitalo/Lpk Tammisalo/koulu,2012-12,49.0,M3
4521 Tammisalon korttelitalo/Lpk Tammisalo/koulu,2013-01,84.0,M3
4521 Tammisalon korttelitalo/Lpk Tammisalo/koulu,2013-02,55.0,M3
4521 Tammisalon korttelitalo/Lpk Tammisalo/koulu,2013-03,68.0,M3
4521 Tammisalon korttelitalo/Lpk Tammisalo/koulu,2013-04,69.0,M3
4521 Tammisalon korttelitalo/Lpk Tammisalo/koulu,2013-05,69.0,M3
4521 Tammisalon korttelitalo/Lpk Tammisalo/koulu,2013-06,32.0,M3
4521 Tammisalon korttelitalo/Lpk Tammisalo/koulu,2013-07,3.0,M3
4521 Tammisalon korttelitalo/Lpk Tammisalo/koulu,2013-08,55.0,M3
4521 Tammisalon korttelitalo/Lpk Tammisalo/koulu,2013-09,95.0,M3
4521 Tammisalon korttelitalo/Lpk Tammisalo/koulu,2013-10,152.0,M3
4521 Tammisalon korttelitalo/Lpk Tammisalo/koulu,2013-11,108.0,M3
4521 Tammisalon korttelitalo/Lpk Tammisalo/koulu,2013-12,59.0,M3
4521 Tammisalon korttelitalo/Lpk Tammisalo/koulu,2014-01,71.0,M3
4521 Tammisalon korttelitalo/Lpk Tammisalo/koulu,2014-02,89.0,M3
4521 Tammisalon korttelitalo/Lpk Tammisalo/koulu,2014-03,255.0,M3
4521 Tammisalon korttelitalo/Lpk Tammisalo/koulu,2014-04,140.0,M3
4521 Tammisalon korttelitalo/Lpk Tammisalo/koulu,2014-05,83.0,M3
4521 Tammisalon korttelitalo/Lpk Tammisalo/koulu,2014-06,41.0,M3
4521 Tammisalon korttelitalo/Lpk Tammisalo/koulu,2014-07,1.0,M3
4521 Tammisalon korttelitalo/Lpk Tammisalo/koulu,2014-08,73.0,M3
4521 Tammisalon korttelitalo/Lpk Tammisalo/koulu,2014-09,143.0,M3
4521 Tammisalon korttelitalo/Lpk Tammisalo/koulu,2014-10,129.0,M3
4521 Tammisalon korttelitalo/Lpk Tammisalo/koulu,2014-11,108.0,M3
4521 Tammisalon korttelitalo/Lpk Tammisalo/koulu,2014-12,81.0,M3
4521 Tammisalon korttelitalo/Lpk Tammisalo/koulu,2015-01,109.0,M3
4521 Tammisalon korttelitalo/Lpk Tammisalo/koulu,2015-02,88.0,M3
4521 Tammisalon korttelitalo/Lpk Tammisalo/koulu,2015-03,111.0,M3
4521 Tammisalon korttelitalo/Lpk Tammisalo/koulu,2015-04,130.0,M3
4521 Tammisalon korttelitalo/Lpk Tammisalo/koulu,2015-05,103.0,M3
4521 Tammisalon korttelitalo/Lpk Tammisalo/koulu,2015-06,44.0,M3
4521 Tammisalon korttelitalo/Lpk Tammisalo/koulu,2015-07,3.0,M3
4521 Tammisalon korttelitalo/Lpk Tammisalo/koulu,2015-08,72.0,M3
4521 Tammisalon korttelitalo/Lpk Tammisalo/koulu,2015-09,70.0,M3
4521 Tammisalon korttelitalo/Lpk Tammisalo/koulu,2015-10,81.0,M3
4521 Tammisalon korttelitalo/Lpk Tammisalo/koulu,2015-11,88.0,M3
4521 Tammisalon korttelitalo/Lpk Tammisalo/koulu,2015-12,81.0,M3
4521 Tammisalon korttelitalo/Lpk Tammisalo/koulu,2016-01,64.0,M3
4521 Tammisalon korttelitalo/Lpk Tammisalo/koulu,2016-02,64.0,M3
4521 Tammisalon korttelitalo/Lpk Tammisalo/koulu,2016-03,88.0,M3
4521 Tammisalon korttelitalo/Lpk Tammisalo/koulu,2016-04,96.0,M3
4521 Tammisalon korttelitalo/Lpk Tammisalo/koulu,2016-05,53.0,M3
4521 Tammisalon korttelitalo/Lpk Tammisalo/koulu,2016-06,47.0,M3
4521 Tammisalon korttelitalo/Lpk Tammisalo/koulu,2016-07,12.0,M3
4521 Tammisalon korttelitalo/Lpk Tammisalo/koulu,2016-08,55.0,M3
4521 Tammisalon korttelitalo/Lpk Tammisalo/koulu,2016-09,65.0,M3
4521 Tammisalon korttelitalo/Lpk Tammisalo/koulu,2016-10,67.0,M3
4521 Tammisalon korttelitalo/Lpk Tammisalo/koulu,2016-11,60.0,M3
4521 Tammisalon korttelitalo/Lpk Tammisalo/koulu,2016-12,46.0,M3
4521 Tammisalon korttelitalo/Lpk Tammisalo/koulu,2017-01,43.0,M3
4521 Tammisalon korttelitalo/Lpk Tammisalo/koulu,2017-02,55.0,M3
4521 Tammisalon korttelitalo/Lpk Tammisalo/koulu,2017-03,64.0,M3
4521 Tammisalon korttelitalo/Lpk Tammisalo/koulu,2017-04,55.0,M3
4521 Tammisalon korttelitalo/Lpk Tammisalo/koulu,2017-05,60.0,M3
4521 Tammisalon korttelitalo/Lpk Tammisalo/koulu,2017-06,58.0,M3
4521 Tammisalon korttelitalo/Lpk Tammisalo/koulu,2017-07,12.0,M3
4521 Tammisalon korttelitalo/Lpk Tammisalo/koulu,2017-08,44.0,M3
4521 Tammisalon korttelitalo/Lpk Tammisalo/koulu,2017-09,94.0,M3
4521 Tammisalon korttelitalo/Lpk Tammisalo/koulu,2017-10,93.0,M3
4521 Tammisalon korttelitalo/Lpk Tammisalo/koulu,2017-11,71.0,M3
4521 Tammisalon korttelitalo/Lpk Tammisalo/koulu,2017-12,117.0,M3
4521 Tammisalon korttelitalo/Lpk Tammisalo/koulu,2018-01,115.0,M3
4521 Tammisalon korttelitalo/Lpk Tammisalo/koulu,2018-02,71.0,M3
4521 Tammisalon korttelitalo/Lpk Tammisalo/koulu,2018-03,78.0,M3
4521 Tammisalon korttelitalo/Lpk Tammisalo/koulu,2018-04,76.0,M3
4521 Tammisalon korttelitalo/Lpk Tammisalo/koulu,2018-05,78.0,M3
4521 Tammisalon korttelitalo/Lpk Tammisalo/koulu,2018-06,76.0,M3
4521 Tammisalon korttelitalo/Lpk Tammisalo/koulu,2018-07,78.0,M3
4521 Tammisalon korttelitalo/Lpk Tammisalo/koulu,2018-08,78.0,M3
4521 Tammisalon korttelitalo/Lpk Tammisalo/koulu,2018-09,76.0,M3
4521 Tammisalon korttelitalo/Lpk Tammisalo/koulu,2018-10,78.0,M3
4521 Tammisalon korttelitalo/Lpk Tammisalo/koulu,2018-11,76.0,M3
4521 Tammisalon korttelitalo/Lpk Tammisalo/koulu,2018-12,103.0,M3
