split,model,site,origin,target_month,horizon,actual_m3,forecast_m3,scale_m3,model_details,horizon_bucket,interval_q,lower_m3,upper_m3,covered,interval_width_m3
final,ets,"1507 Suutarilan ala-asteen koulu, Päiväkoti Seulanen, Suutarilan monitoimitalo",2017-12,2018-01,1,241.0,270.5055481435403,33.226190476190474,"{'specification': 'ETS(A,Ad,A), deterministic grid', 'sse': 219868.4739183698, 'alpha': 0.1, 'beta': 0.01, 'gamma': 0.4, 'phi': 0.9}",h1,1.7684269214810409,211.7474584071881,329.2636378798925,True,117.51617947270438
final,ets,"1507 Suutarilan ala-asteen koulu, Päiväkoti Seulanen, Suutarilan monitoimitalo",2017-12,2018-02,2,231.0,252.47238040067143,33.226190476190474,"{'specification': 'ETS(A,Ad,A), deterministic grid', 'sse': 219868.4739183698, 'alpha': 0.1, 'beta': 0.01, 'gamma': 0.4, 'phi': 0.9}",h2-3,2.5925197633047894,166.33282493181827,338.6119358695246,True,172.27911093770632
final,ets,"1507 Suutarilan ala-asteen koulu, Päiväkoti Seulanen, Suutarilan monitoimitalo",2017-12,2018-03,3,227.0,321.3109228142453,33.226190476190474,"{'specification': 'ETS(A,Ad,A), deterministic grid', 'sse': 219868.4739183698, 'alpha': 0.1, 'beta': 0.01, 'gamma': 0.4, 'phi': 0.9}",h2-3,2.5925197633047894,235.17136734539213,407.4504782830985,False,172.27911093770638
final,ets,"1507 Suutarilan ala-asteen koulu, Päiväkoti Seulanen, Suutarilan monitoimitalo",2017-12,2018-04,4,206.0,287.2253222628333,33.226190476190474,"{'specification': 'ETS(A,Ad,A), deterministic grid', 'sse': 219868.4739183698, 'alpha': 0.1, 'beta': 0.01, 'gamma': 0.4, 'phi': 0.9}",h4-6,2.8534829568933566,192.4149540165314,382.0356905091352,True,189.62073649260378
final,ets,"1507 Suutarilan ala-asteen koulu, Päiväkoti Seulanen, Suutarilan monitoimitalo",2017-12,2018-05,5,275.0,295.9366459494336,33.226190476190474,"{'specification': 'ETS(A,Ad,A), deterministic grid', 'sse': 219868.4739183698, 'alpha': 0.1, 'beta': 0.01, 'gamma': 0.4, 'phi': 0.9}",h4-6,2.8534829568933566,201.12627770313173,390.7470141957355,True,189.62073649260378
final,ets,"1507 Suutarilan ala-asteen koulu, Päiväkoti Seulanen, Suutarilan monitoimitalo",2017-12,2018-06,6,265.0,202.31658942524075,33.226190476190474,"{'specification': 'ETS(A,Ad,A), deterministic grid', 'sse': 219868.4739183698, 'alpha': 0.1, 'beta': 0.01, 'gamma': 0.4, 'phi': 0.9}",h4-6,2.8534829568933566,107.50622117893887,297.12695767154264,True,189.62073649260378
final,ets,"1507 Suutarilan ala-asteen koulu, Päiväkoti Seulanen, Suutarilan monitoimitalo",2017-12,2018-07,7,183.0,178.53664864076237,33.226190476190474,"{'specification': 'ETS(A,Ad,A), deterministic grid', 'sse': 219868.4739183698, 'alpha': 0.1, 'beta': 0.01, 'gamma': 0.4, 'phi': 0.9}",h7-12,2.8534829568933566,83.72628039446049,273.3470168870642,True,189.62073649260373
final,ets,"1507 Suutarilan ala-asteen koulu, Päiväkoti Seulanen, Suutarilan monitoimitalo",2017-12,2018-08,8,187.0,351.0093199112001,33.226190476190474,"{'specification': 'ETS(A,Ad,A), deterministic grid', 'sse': 219868.4739183698, 'alpha': 0.1, 'beta': 0.01, 'gamma': 0.4, 'phi': 0.9}",h7-12,2.8534829568933566,256.19895166489823,445.819688157502,False,189.62073649260378
final,ets,"1507 Suutarilan ala-asteen koulu, Päiväkoti Seulanen, Suutarilan monitoimitalo",2017-12,2018-09,9,296.0,355.0530715894312,33.226190476190474,"{'specification': 'ETS(A,Ad,A), deterministic grid', 'sse': 219868.4739183698, 'alpha': 0.1, 'beta': 0.01, 'gamma': 0.4, 'phi': 0.9}",h7-12,2.8534829568933566,260.24270334312934,449.8634398357331,True,189.62073649260378
final,ets,"1507 Suutarilan ala-asteen koulu, Päiväkoti Seulanen, Suutarilan monitoimitalo",2017-12,2018-10,10,265.0,313.1711466710393,33.226190476190474,"{'specification': 'ETS(A,Ad,A), deterministic grid', 'sse': 219868.4739183698, 'alpha': 0.1, 'beta': 0.01, 'gamma': 0.4, 'phi': 0.9}",h7-12,2.8534829568933566,218.36077842473742,407.9815149173412,True,189.62073649260378
final,ets,"1507 Suutarilan ala-asteen koulu, Päiväkoti Seulanen, Suutarilan monitoimitalo",2017-12,2018-11,11,292.0,320.101599919901,33.226190476190474,"{'specification': 'ETS(A,Ad,A), deterministic grid', 'sse': 219868.4739183698, 'alpha': 0.1, 'beta': 0.01, 'gamma': 0.4, 'phi': 0.9}",h7-12,2.8534829568933566,225.2912316735991,414.9119681662029,True,189.62073649260378
final,ets,"1507 Suutarilan ala-asteen koulu, Päiväkoti Seulanen, Suutarilan monitoimitalo",2017-12,2018-12,12,202.0,225.44466272526427,33.226190476190474,"{'specification': 'ETS(A,Ad,A), deterministic grid', 'sse': 219868.4739183698, 'alpha': 0.1, 'beta': 0.01, 'gamma': 0.4, 'phi': 0.9}",h7-12,2.8534829568933566,130.63429447896237,320.25503097156616,True,189.62073649260378
final,ets,2183 Latokartanon peruskoulu,2017-12,2018-01,1,140.0,145.5059793419274,28.166666666666668,"{'specification': 'ETS(A,Ad,A), deterministic grid', 'sse': 68981.25642103009, 'alpha': 0.25, 'beta': 0.01, 'gamma': 0.4, 'phi': 0.9}",h1,1.7684269214810409,95.69528772021141,195.3166709636434,True,99.62138324343198
final,ets,2183 Latokartanon peruskoulu,2017-12,2018-02,2,128.0,130.18352547362193,28.166666666666668,"{'specification': 'ETS(A,Ad,A), deterministic grid', 'sse': 68981.25642103009, 'alpha': 0.25, 'beta': 0.01, 'gamma': 0.4, 'phi': 0.9}",h2-3,2.5925197633047894,57.16088547387035,203.20616547337352,True,146.04527999950318
final,ets,2183 Latokartanon peruskoulu,2017-12,2018-03,3,183.0,192.27986210481174,28.166666666666668,"{'specification': 'ETS(A,Ad,A), deterministic grid', 'sse': 68981.25642103009, 'alpha': 0.25, 'beta': 0.01, 'gamma': 0.4, 'phi': 0.9}",h2-3,2.5925197633047894,119.25722210506017,265.3025021045633,True,146.04527999950312
final,ets,2183 Latokartanon peruskoulu,2017-12,2018-04,4,151.0,171.2622667361581,28.166666666666668,"{'specification': 'ETS(A,Ad,A), deterministic grid', 'sse': 68981.25642103009, 'alpha': 0.25, 'beta': 0.01, 'gamma': 0.4, 'phi': 0.9}",h4-6,2.8534829568933566,90.88916345032855,251.63537002198763,True,160.74620657165906
final,ets,2183 Latokartanon peruskoulu,2017-12,2018-05,5,159.0,146.70742454325014,28.166666666666668,"{'specification': 'ETS(A,Ad,A), deterministic grid', 'sse': 68981.25642103009, 'alpha': 0.25, 'beta': 0.01, 'gamma': 0.4, 'phi': 0.9}",h4-6,2.8534829568933566,66.3343212574206,227.0805278290797,True,160.74620657165912
final,ets,2183 Latokartanon peruskoulu,2017-12,2018-06,6,29.0,16.620938149056542,28.166666666666668,"{'specification': 'ETS(A,Ad,A), deterministic grid', 'sse': 68981.25642103009, 'alpha': 0.25, 'beta': 0.01, 'gamma': 0.4, 'phi': 0.9}",h4-6,2.8534829568933566,0.0,96.99404143488609,True,96.99404143488609
final,ets,2183 Latokartanon peruskoulu,2017-12,2018-07,7,10.0,0.0,28.166666666666668,"{'specification': 'ETS(A,Ad,A), deterministic grid', 'sse': 68981.25642103009, 'alpha': 0.25, 'beta': 0.01, 'gamma': 0.4, 'phi': 0.9}",h7-12,2.8534829568933566,0.0,80.37310328582954,True,80.37310328582954
final,ets,2183 Latokartanon peruskoulu,2017-12,2018-08,8,149.0,118.45824472804703,28.166666666666668,"{'specification': 'ETS(A,Ad,A), deterministic grid', 'sse': 68981.25642103009, 'alpha': 0.25, 'beta': 0.01, 'gamma': 0.4, 'phi': 0.9}",h7-12,2.8534829568933566,38.08514144221749,198.83134801387658,True,160.7462065716591
final,ets,2183 Latokartanon peruskoulu,2017-12,2018-09,9,177.0,171.6028097992378,28.166666666666668,"{'specification': 'ETS(A,Ad,A), deterministic grid', 'sse': 68981.25642103009, 'alpha': 0.25, 'beta': 0.01, 'gamma': 0.4, 'phi': 0.9}",h7-12,2.8534829568933566,91.22970651340826,251.97591308506736,True,160.74620657165912
final,ets,2183 Latokartanon peruskoulu,2017-12,2018-10,10,143.0,150.7262761418375,28.166666666666668,"{'specification': 'ETS(A,Ad,A), deterministic grid', 'sse': 68981.25642103009, 'alpha': 0.25, 'beta': 0.01, 'gamma': 0.4, 'phi': 0.9}",h7-12,2.8534829568933566,70.35317285600796,231.09937942766703,True,160.74620657165906
final,ets,2183 Latokartanon peruskoulu,2017-12,2018-11,11,214.0,185.40664299486536,28.166666666666668,"{'specification': 'ETS(A,Ad,A), deterministic grid', 'sse': 68981.25642103009, 'alpha': 0.25, 'beta': 0.01, 'gamma': 0.4, 'phi': 0.9}",h7-12,2.8534829568933566,105.03353970903582,265.7797462806949,True,160.74620657165906
final,ets,2183 Latokartanon peruskoulu,2017-12,2018-12,12,119.0,117.64853100746996,28.166666666666668,"{'specification': 'ETS(A,Ad,A), deterministic grid', 'sse': 68981.25642103009, 'alpha': 0.25, 'beta': 0.01, 'gamma': 0.4, 'phi': 0.9}",h7-12,2.8534829568933566,37.27542772164041,198.02163429329948,True,160.74620657165906
final,ets,4022 Taivallahden peruskoulu,2017-12,2018-01,1,179.0,130.39833664642276,61.916666666666664,"{'specification': 'ETS(A,Ad,A), deterministic grid', 'sse': 332034.7188912748, 'alpha': 0.25, 'beta': 0.01, 'gamma': 0.4, 'phi': 0.9}",h1,1.7684269214810409,20.903236424721655,239.89343686812387,True,218.99020044340222
final,ets,4022 Taivallahden peruskoulu,2017-12,2018-02,2,146.0,145.32643952474774,61.916666666666664,"{'specification': 'ETS(A,Ad,A), deterministic grid', 'sse': 332034.7188912748, 'alpha': 0.25, 'beta': 0.01, 'gamma': 0.4, 'phi': 0.9}",h2-3,2.5925197633047894,0.0,305.84662153603597,True,305.84662153603597
final,ets,4022 Taivallahden peruskoulu,2017-12,2018-03,3,199.0,224.40670393742744,61.916666666666664,"{'specification': 'ETS(A,Ad,A), deterministic grid', 'sse': 332034.7188912748, 'alpha': 0.25, 'beta': 0.01, 'gamma': 0.4, 'phi': 0.9}",h2-3,2.5925197633047894,63.88652192613924,384.9268859487156,True,321.04036402257634
final,ets,4022 Taivallahden peruskoulu,2017-12,2018-04,4,256.0,214.6575747317926,61.916666666666664,"{'specification': 'ETS(A,Ad,A), deterministic grid', 'sse': 332034.7188912748, 'alpha': 0.25, 'beta': 0.01, 'gamma': 0.4, 'phi': 0.9}",h4-6,2.8534829568933566,37.97942165081227,391.3357278127729,True,353.3563061619607
final,ets,4022 Taivallahden peruskoulu,2017-12,2018-05,5,191.0,188.0972874404726,61.916666666666664,"{'specification': 'ETS(A,Ad,A), deterministic grid', 'sse': 332034.7188912748, 'alpha': 0.25, 'beta': 0.01, 'gamma': 0.4, 'phi': 0.9}",h4-6,2.8534829568933566,11.419134359492261,364.77544052145294,True,353.3563061619607
final,ets,4022 Taivallahden peruskoulu,2017-12,2018-06,6,70.0,107.61479105854727,61.916666666666664,"{'specification': 'ETS(A,Ad,A), deterministic grid', 'sse': 332034.7188912748, 'alpha': 0.25, 'beta': 0.01, 'gamma': 0.4, 'phi': 0.9}",h4-6,2.8534829568933566,0.0,284.2929441395276,True,284.2929441395276
final,ets,4022 Taivallahden peruskoulu,2017-12,2018-07,7,73.0,145.4516450896391,61.916666666666664,"{'specification': 'ETS(A,Ad,A), deterministic grid', 'sse': 332034.7188912748, 'alpha': 0.25, 'beta': 0.01, 'gamma': 0.4, 'phi': 0.9}",h7-12,2.8534829568933566,0.0,322.12979817061944,True,322.12979817061944
final,ets,4022 Taivallahden peruskoulu,2017-12,2018-08,8,155.0,160.69541840075732,61.916666666666664,"{'specification': 'ETS(A,Ad,A), deterministic grid', 'sse': 332034.7188912748, 'alpha': 0.25, 'beta': 0.01, 'gamma': 0.4, 'phi': 0.9}",h7-12,2.8534829568933566,0.0,337.37357148173766,True,337.37357148173766
final,ets,4022 Taivallahden peruskoulu,2017-12,2018-09,9,188.0,209.96332313184834,61.916666666666664,"{'specification': 'ETS(A,Ad,A), deterministic grid', 'sse': 332034.7188912748, 'alpha': 0.25, 'beta': 0.01, 'gamma': 0.4, 'phi': 0.9}",h7-12,2.8534829568933566,33.285170050868004,386.6414762128287,True,353.3563061619607
final,ets,4022 Taivallahden peruskoulu,2017-12,2018-10,10,172.0,181.76357726156803,61.916666666666664,"{'specification': 'ETS(A,Ad,A), deterministic grid', 'sse': 332034.7188912748, 'alpha': 0.25, 'beta': 0.01, 'gamma': 0.4, 'phi': 0.9}",h7-12,2.8534829568933566,5.085424180587694,358.44173034254834,True,353.3563061619607
final,ets,4022 Taivallahden peruskoulu,2017-12,2018-11,11,265.0,202.77809315515603,61.916666666666664,"{'specification': 'ETS(A,Ad,A), deterministic grid', 'sse': 332034.7188912748, 'alpha': 0.25, 'beta': 0.01, 'gamma': 0.4, 'phi': 0.9}",h7-12,2.8534829568933566,26.09994007417569,379.4562462361364,True,353.3563061619607
final,ets,4022 Taivallahden peruskoulu,2017-12,2018-12,12,169.0,145.004199322491,61.916666666666664,"{'specification': 'ETS(A,Ad,A), deterministic grid', 'sse': 332034.7188912748, 'alpha': 0.25, 'beta': 0.01, 'gamma': 0.4, 'phi': 0.9}",h7-12,2.8534829568933566,0.0,321.6823524034713,True,321.6823524034713
final,ets,4236 Itäkeskuksen peruskoulu,2017-12,2018-01,1,141.0,117.0292814368892,22.285714285714285,"{'specification': 'ETS(A,Ad,A), deterministic grid', 'sse': 84084.99417055781, 'alpha': 0.1, 'beta': 0.01, 'gamma': 0.4, 'phi': 0.9}",h1,1.7684269214810409,77.61862432959744,156.43993854418096,True,78.82131421458352
final,ets,4236 Itäkeskuksen peruskoulu,2017-12,2018-02,2,92.0,104.5807756749189,22.285714285714285,"{'specification': 'ETS(A,Ad,A), deterministic grid', 'sse': 84084.99417055781, 'alpha': 0.1, 'beta': 0.01, 'gamma': 0.4, 'phi': 0.9}",h2-3,2.5925197633047894,46.80462094984074,162.35693039999705,True,115.55230945015632
final,ets,4236 Itäkeskuksen peruskoulu,2017-12,2018-03,3,151.0,164.05300647461468,22.285714285714285,"{'specification': 'ETS(A,Ad,A), deterministic grid', 'sse': 84084.99417055781, 'alpha': 0.1, 'beta': 0.01, 'gamma': 0.4, 'phi': 0.9}",h2-3,2.5925197633047894,106.27685174953652,221.82916119969283,True,115.55230945015632
final,ets,4236 Itäkeskuksen peruskoulu,2017-12,2018-04,4,164.0,144.08447948634802,22.285714285714285,"{'specification': 'ETS(A,Ad,A), deterministic grid', 'sse': 84084.99417055781, 'alpha': 0.1, 'beta': 0.01, 'gamma': 0.4, 'phi': 0.9}",h4-6,2.8534829568933566,80.4925735898675,207.67638538282853,True,127.18381179296102
final,ets,4236 Itäkeskuksen peruskoulu,2017-12,2018-05,5,145.0,142.08112396378843,22.285714285714285,"{'specification': 'ETS(A,Ad,A), deterministic grid', 'sse': 84084.99417055781, 'alpha': 0.1, 'beta': 0.01, 'gamma': 0.4, 'phi': 0.9}",h4-6,2.8534829568933566,78.48921806730792,205.67302986026894,True,127.18381179296102
final,ets,4236 Itäkeskuksen peruskoulu,2017-12,2018-06,6,32.0,27.557254975258815,22.285714285714285,"{'specification': 'ETS(A,Ad,A), deterministic grid', 'sse': 84084.99417055781, 'alpha': 0.1, 'beta': 0.01, 'gamma': 0.4, 'phi': 0.9}",h4-6,2.8534829568933566,0.0,91.14916087173933,True,91.14916087173933
final,ets,4236 Itäkeskuksen peruskoulu,2017-12,2018-07,7,7.0,18.10883255360632,22.285714285714285,"{'specification': 'ETS(A,Ad,A), deterministic grid', 'sse': 84084.99417055781, 'alpha': 0.1, 'beta': 0.01, 'gamma': 0.4, 'phi': 0.9}",h7-12,2.8534829568933566,0.0,81.70073845008685,True,81.70073845008685
final,ets,4236 Itäkeskuksen peruskoulu,2017-12,2018-08,8,110.0,100.53786186167773,22.285714285714285,"{'specification': 'ETS(A,Ad,A), deterministic grid', 'sse': 84084.99417055781, 'alpha': 0.1, 'beta': 0.01, 'gamma': 0.4, 'phi': 0.9}",h7-12,2.8534829568933566,36.94595596519721,164.12976775815824,True,127.18381179296102
final,ets,4236 Itäkeskuksen peruskoulu,2017-12,2018-09,9,150.0,167.84415148568445,22.285714285714285,"{'specification': 'ETS(A,Ad,A), deterministic grid', 'sse': 84084.99417055781, 'alpha': 0.1, 'beta': 0.01, 'gamma': 0.4, 'phi': 0.9}",h7-12,2.8534829568933566,104.25224558920394,231.43605738216496,True,127.18381179296102
final,ets,4236 Itäkeskuksen peruskoulu,2017-12,2018-10,10,121.0,139.82113549712102,22.285714285714285,"{'specification': 'ETS(A,Ad,A), deterministic grid', 'sse': 84084.99417055781, 'alpha': 0.1, 'beta': 0.01, 'gamma': 0.4, 'phi': 0.9}",h7-12,2.8534829568933566,76.22922960064051,203.41304139360153,True,127.18381179296102
final,ets,4236 Itäkeskuksen peruskoulu,2017-12,2018-11,11,114.0,150.1898954281247,22.285714285714285,"{'specification': 'ETS(A,Ad,A), deterministic grid', 'sse': 84084.99417055781, 'alpha': 0.1, 'beta': 0.01, 'gamma': 0.4, 'phi': 0.9}",h7-12,2.8534829568933566,86.59798953164417,213.7818013246052,True,127.18381179296102
final,ets,4236 Itäkeskuksen peruskoulu,2017-12,2018-12,12,117.0,98.03965011950687,22.285714285714285,"{'specification': 'ETS(A,Ad,A), deterministic grid', 'sse': 84084.99417055781, 'alpha': 0.1, 'beta': 0.01, 'gamma': 0.4, 'phi': 0.9}",h7-12,2.8534829568933566,34.447744223026355,161.6315560159874,True,127.18381179296105
final,ets,4303 Kontulan ala-asteen koulu,2017-12,2018-01,1,131.0,96.79385463239902,35.45238095238095,"{'specification': 'ETS(A,Ad,A), deterministic grid', 'sse': 206195.90610291655, 'alpha': 0.1, 'beta': 0.01, 'gamma': 0.2, 'phi': 0.9}",h1,1.7684269214810409,34.09890972560689,159.48879953919115,True,125.38988981358426
final,ets,4303 Kontulan ala-asteen koulu,2017-12,2018-02,2,157.0,99.7886257911149,35.45238095238095,"{'specification': 'ETS(A,Ad,A), deterministic grid', 'sse': 206195.90610291655, 'alpha': 0.1, 'beta': 0.01, 'gamma': 0.2, 'phi': 0.9}",h2-3,2.5925197633047894,7.877627515857014,191.6996240663728,True,183.8219965505158
final,ets,4303 Kontulan ala-asteen koulu,2017-12,2018-03,3,185.0,151.9835815115355,35.45238095238095,"{'specification': 'ETS(A,Ad,A), deterministic grid', 'sse': 206195.90610291655, 'alpha': 0.1, 'beta': 0.01, 'gamma': 0.2, 'phi': 0.9}",h2-3,2.5925197633047894,60.07258323627762,243.89457978679337,True,183.82199655051573
final,ets,4303 Kontulan ala-asteen koulu,2017-12,2018-04,4,179.0,129.52309112187308,35.45238095238095,"{'specification': 'ETS(A,Ad,A), deterministic grid', 'sse': 206195.90610291655, 'alpha': 0.1, 'beta': 0.01, 'gamma': 0.2, 'phi': 0.9}",h4-6,2.8534829568933566,28.36032629296338,230.68585595078278,True,202.3255296578194
final,ets,4303 Kontulan ala-asteen koulu,2017-12,2018-05,5,185.0,96.37429079014525,35.45238095238095,"{'specification': 'ETS(A,Ad,A), deterministic grid', 'sse': 206195.90610291655, 'alpha': 0.1, 'beta': 0.01, 'gamma': 0.2, 'phi': 0.9}",h4-6,2.8534829568933566,0.0,197.53705561905497,True,197.53705561905497
final,ets,4303 Kontulan ala-asteen koulu,2017-12,2018-06,6,23.0,57.015842989291166,35.45238095238095,"{'specification': 'ETS(A,Ad,A), deterministic grid', 'sse': 206195.90610291655, 'alpha': 0.1, 'beta': 0.01, 'gamma': 0.2, 'phi': 0.9}",h4-6,2.8534829568933566,0.0,158.17860781820087,True,158.17860781820087
final,ets,4303 Kontulan ala-asteen koulu,2017-12,2018-07,7,8.0,43.23804617441213,35.45238095238095,"{'specification': 'ETS(A,Ad,A), deterministic grid', 'sse': 206195.90610291655, 'alpha': 0.1, 'beta': 0.01, 'gamma': 0.2, 'phi': 0.9}",h7-12,2.8534829568933566,0.0,144.40081100332185,True,144.40081100332185
final,ets,4303 Kontulan ala-asteen koulu,2017-12,2018-08,8,104.0,129.26981948395436,35.45238095238095,"{'specification': 'ETS(A,Ad,A), deterministic grid', 'sse': 206195.90610291655, 'alpha': 0.1, 'beta': 0.01, 'gamma': 0.2, 'phi': 0.9}",h7-12,2.8534829568933566,28.107054655044664,230.43258431286407,True,202.3255296578194
final,ets,4303 Kontulan ala-asteen koulu,2017-12,2018-09,9,133.0,164.82928570353914,35.45238095238095,"{'specification': 'ETS(A,Ad,A), deterministic grid', 'sse': 206195.90610291655, 'alpha': 0.1, 'beta': 0.01, 'gamma': 0.2, 'phi': 0.9}",h7-12,2.8534829568933566,63.66652087462944,265.99205053244884,True,202.3255296578194
final,ets,4303 Kontulan ala-asteen koulu,2017-12,2018-10,10,148.0,111.3918948187233,35.45238095238095,"{'specification': 'ETS(A,Ad,A), deterministic grid', 'sse': 206195.90610291655, 'alpha': 0.1, 'beta': 0.01, 'gamma': 0.2, 'phi': 0.9}",h7-12,2.8534829568933566,10.2291299898136,212.554659647633,True,202.3255296578194
final,ets,4303 Kontulan ala-asteen koulu,2017-12,2018-11,11,137.0,122.31109903907048,35.45238095238095,"{'specification': 'ETS(A,Ad,A), deterministic grid', 'sse': 206195.90610291655, 'alpha': 0.1, 'beta': 0.01, 'gamma': 0.2, 'phi': 0.9}",h7-12,2.8534829568933566,21.148334210160783,223.47386386798019,True,202.3255296578194
final,ets,4303 Kontulan ala-asteen koulu,2017-12,2018-12,12,101.0,92.20767164525863,35.45238095238095,"{'specification': 'ETS(A,Ad,A), deterministic grid', 'sse': 206195.90610291655, 'alpha': 0.1, 'beta': 0.01, 'gamma': 0.2, 'phi': 0.9}",h7-12,2.8534829568933566,0.0,193.37043647416834,True,193.37043647416834
final,ets,4320 Crusellin peruskoulu,2017-12,2018-01,1,83.0,83.62439660716224,24.892857142857142,"{'specification': 'ETS(A,Ad,A), deterministic grid', 'sse': 34798.27425612622, 'alpha': 0.5, 'beta': 0.01, 'gamma': 0.4, 'phi': 0.9}",h1,1.7684269214810409,39.60319788315204,127.64559533117244,True,88.04239744802041
final,ets,4320 Crusellin peruskoulu,2017-12,2018-02,2,75.0,88.8909991328005,24.892857142857142,"{'specification': 'ETS(A,Ad,A), deterministic grid', 'sse': 34798.27425612622, 'alpha': 0.5, 'beta': 0.01, 'gamma': 0.4, 'phi': 0.9}",h2-3,2.5925197633047894,24.355775024820574,153.42622324078042,True,129.07044821595986
final,ets,4320 Crusellin peruskoulu,2017-12,2018-03,3,102.0,118.41293279831552,24.892857142857142,"{'specification': 'ETS(A,Ad,A), deterministic grid', 'sse': 34798.27425612622, 'alpha': 0.5, 'beta': 0.01, 'gamma': 0.4, 'phi': 0.9}",h2-3,2.5925197633047894,53.877708690335595,182.94815690629545,True,129.07044821595986
final,ets,4320 Crusellin peruskoulu,2017-12,2018-04,4,96.0,103.6310514293533,24.892857142857142,"{'specification': 'ETS(A,Ad,A), deterministic grid', 'sse': 34798.27425612622, 'alpha': 0.5, 'beta': 0.01, 'gamma': 0.4, 'phi': 0.9}",h4-6,2.8534829568933566,32.59970782382939,174.66239503487722,True,142.06268721104783
final,ets,4320 Crusellin peruskoulu,2017-12,2018-05,5,89.0,103.46608759052764,24.892857142857142,"{'specification': 'ETS(A,Ad,A), deterministic grid', 'sse': 34798.27425612622, 'alpha': 0.5, 'beta': 0.01, 'gamma': 0.4, 'phi': 0.9}",h4-6,2.8534829568933566,32.43474398500372,174.49743119605154,True,142.06268721104783
final,ets,4320 Crusellin peruskoulu,2017-12,2018-06,6,13.0,45.13408263129345,24.892857142857142,"{'specification': 'ETS(A,Ad,A), deterministic grid', 'sse': 34798.27425612622, 'alpha': 0.5, 'beta': 0.01, 'gamma': 0.4, 'phi': 0.9}",h4-6,2.8534829568933566,0.0,116.16542623681737,True,116.16542623681737
final,ets,4320 Crusellin peruskoulu,2017-12,2018-07,7,13.0,41.737198680399146,24.892857142857142,"{'specification': 'ETS(A,Ad,A), deterministic grid', 'sse': 34798.27425612622, 'alpha': 0.5, 'beta': 0.01, 'gamma': 0.4, 'phi': 0.9}",h7-12,2.8534829568933566,0.0,112.76854228592306,True,112.76854228592306
final,ets,4320 Crusellin peruskoulu,2017-12,2018-08,8,75.0,69.37901570956154,24.892857142857142,"{'specification': 'ETS(A,Ad,A), deterministic grid', 'sse': 34798.27425612622, 'alpha': 0.5, 'beta': 0.01, 'gamma': 0.4, 'phi': 0.9}",h7-12,2.8534829568933566,0.0,140.41035931508546,True,140.41035931508546
final,ets,4320 Crusellin peruskoulu,2017-12,2018-09,9,99.0,95.36907230009365,24.892857142857142,"{'specification': 'ETS(A,Ad,A), deterministic grid', 'sse': 34798.27425612622, 'alpha': 0.5, 'beta': 0.01, 'gamma': 0.4, 'phi': 0.9}",h7-12,2.8534829568933566,24.337728694569734,166.40041590561756,True,142.06268721104783
final,ets,4320 Crusellin peruskoulu,2017-12,2018-10,10,93.0,90.46016859105342,24.892857142857142,"{'specification': 'ETS(A,Ad,A), deterministic grid', 'sse': 34798.27425612622, 'alpha': 0.5, 'beta': 0.01, 'gamma': 0.4, 'phi': 0.9}",h7-12,2.8534829568933566,19.428824985529502,161.49151219657733,True,142.06268721104783
final,ets,4320 Crusellin peruskoulu,2017-12,2018-11,11,115.0,104.0203416320231,24.892857142857142,"{'specification': 'ETS(A,Ad,A), deterministic grid', 'sse': 34798.27425612622, 'alpha': 0.5, 'beta': 0.01, 'gamma': 0.4, 'phi': 0.9}",h7-12,2.8534829568933566,32.98899802649919,175.05168523754702,True,142.06268721104783
final,ets,4320 Crusellin peruskoulu,2017-12,2018-12,12,104.0,75.9148877297766,24.892857142857142,"{'specification': 'ETS(A,Ad,A), deterministic grid', 'sse': 34798.27425612622, 'alpha': 0.5, 'beta': 0.01, 'gamma': 0.4, 'phi': 0.9}",h7-12,2.8534829568933566,4.88354412425268,146.94623133530052,True,142.06268721104783
final,ets,4513 Aurinkolahden peruskoulu,2017-12,2018-01,1,107.0,118.48804758777277,22.142857142857142,"{'specification': 'ETS(A,Ad,A), deterministic grid', 'sse': 46333.61844531209, 'alpha': 0.1, 'beta': 0.01, 'gamma': 0.4, 'phi': 0.9}",h1,1.7684269214810409,79.33002289783543,157.64607227771012,True,78.31604937987468
final,ets,4513 Aurinkolahden peruskoulu,2017-12,2018-02,2,105.0,115.41067041344961,22.142857142857142,"{'specification': 'ETS(A,Ad,A), deterministic grid', 'sse': 46333.61844531209, 'alpha': 0.1, 'beta': 0.01, 'gamma': 0.4, 'phi': 0.9}",h2-3,2.5925197633047894,58.00487565455784,172.81646517234137,True,114.81158951778352
final,ets,4513 Aurinkolahden peruskoulu,2017-12,2018-03,3,145.0,175.56487447194712,22.142857142857142,"{'specification': 'ETS(A,Ad,A), deterministic grid', 'sse': 46333.61844531209, 'alpha': 0.1, 'beta': 0.01, 'gamma': 0.4, 'phi': 0.9}",h2-3,2.5925197633047894,118.15907971305535,232.9706692308389,True,114.81158951778355
final,ets,4513 Aurinkolahden peruskoulu,2017-12,2018-04,4,139.0,131.15614913523038,22.142857142857142,"{'specification': 'ETS(A,Ad,A), deterministic grid', 'sse': 46333.61844531209, 'alpha': 0.1, 'beta': 0.01, 'gamma': 0.4, 'phi': 0.9}",h4-6,2.8534829568933566,67.97188366116319,194.34041460929757,True,126.36853094813438
final,ets,4513 Aurinkolahden peruskoulu,2017-12,2018-05,5,145.0,123.02617660638779,22.142857142857142,"{'specification': 'ETS(A,Ad,A), deterministic grid', 'sse': 46333.61844531209, 'alpha': 0.1, 'beta': 0.01, 'gamma': 0.4, 'phi': 0.9}",h4-6,2.8534829568933566,59.84191113232061,186.21044208045498,True,126.36853094813438
final,ets,4513 Aurinkolahden peruskoulu,2017-12,2018-06,6,30.0,26.070847390882122,22.142857142857142,"{'specification': 'ETS(A,Ad,A), deterministic grid', 'sse': 46333.61844531209, 'alpha': 0.1, 'beta': 0.01, 'gamma': 0.4, 'phi': 0.9}",h4-6,2.8534829568933566,0.0,89.2551128649493,True,89.2551128649493
final,ets,4513 Aurinkolahden peruskoulu,2017-12,2018-07,7,7.0,9.835174752899704,22.142857142857142,"{'specification': 'ETS(A,Ad,A), deterministic grid', 'sse': 46333.61844531209, 'alpha': 0.1, 'beta': 0.01, 'gamma': 0.4, 'phi': 0.9}",h7-12,2.8534829568933566,0.0,73.01944022696688,True,73.01944022696688
final,ets,4513 Aurinkolahden peruskoulu,2017-12,2018-08,8,113.0,96.68562254718978,22.142857142857142,"{'specification': 'ETS(A,Ad,A), deterministic grid', 'sse': 46333.61844531209, 'alpha': 0.1, 'beta': 0.01, 'gamma': 0.4, 'phi': 0.9}",h7-12,2.8534829568933566,33.5013570731226,159.86988802125697,True,126.36853094813438
final,ets,4513 Aurinkolahden peruskoulu,2017-12,2018-09,9,174.0,153.5923862053632,22.142857142857142,"{'specification': 'ETS(A,Ad,A), deterministic grid', 'sse': 46333.61844531209, 'alpha': 0.1, 'beta': 0.01, 'gamma': 0.4, 'phi': 0.9}",h7-12,2.8534829568933566,90.40812073129601,216.7766516794304,True,126.36853094813438
final,ets,4513 Aurinkolahden peruskoulu,2017-12,2018-10,10,125.0,118.74053289053165,22.142857142857142,"{'specification': 'ETS(A,Ad,A), deterministic grid', 'sse': 46333.61844531209, 'alpha': 0.1, 'beta': 0.01, 'gamma': 0.4, 'phi': 0.9}",h7-12,2.8534829568933566,55.55626741646447,181.92479836459884,True,126.36853094813438
final,ets,4513 Aurinkolahden peruskoulu,2017-12,2018-11,11,158.0,149.76079090351027,22.142857142857142,"{'specification': 'ETS(A,Ad,A), deterministic grid', 'sse': 46333.61844531209, 'alpha': 0.1, 'beta': 0.01, 'gamma': 0.4, 'phi': 0.9}",h7-12,2.8534829568933566,86.57652542944308,212.94505637757746,True,126.36853094813438
final,ets,4513 Aurinkolahden peruskoulu,2017-12,2018-12,12,105.0,107.56214475628985,22.142857142857142,"{'specification': 'ETS(A,Ad,A), deterministic grid', 'sse': 46333.61844531209, 'alpha': 0.1, 'beta': 0.01, 'gamma': 0.4, 'phi': 0.9}",h7-12,2.8534829568933566,44.37787928222267,170.74641023035704,True,126.36853094813438
final,ets,4521 Tammisalon korttelitalo/Lpk Tammisalo/koulu,2017-12,2018-01,1,115.0,76.85974075929742,21.964285714285715,"{'specification': 'ETS(A,Ad,A), deterministic grid', 'sse': 67852.81969821102, 'alpha': 0.25, 'beta': 0.01, 'gamma': 0.2, 'phi': 0.9}",h1,1.7684269214810409,38.017506591053134,115.70197492754171,True,77.68446833648858
final,ets,4521 Tammisalon korttelitalo/Lpk Tammisalo/koulu,2017-12,2018-02,2,71.0,80.23765206100856,21.964285714285715,"{'specification': 'ETS(A,Ad,A), deterministic grid', 'sse': 67852.81969821102, 'alpha': 0.25, 'beta': 0.01, 'gamma': 0.2, 'phi': 0.9}",h2-3,2.5925197633047894,23.29480725984979,137.18049686216733,True,113.88568960231754
final,ets,4521 Tammisalon korttelitalo/Lpk Tammisalo/koulu,2017-12,2018-03,3,78.0,107.19020439408493,21.964285714285715,"{'specification': 'ETS(A,Ad,A), deterministic grid', 'sse': 67852.81969821102, 'alpha': 0.25, 'beta': 0.01, 'gamma': 0.2, 'phi': 0.9}",h2-3,2.5925197633047894,50.24735959292616,164.1330491952437,True,113.88568960231754
final,ets,4521 Tammisalon korttelitalo/Lpk Tammisalo/koulu,2017-12,2018-04,4,76.0,98.67696335970392,21.964285714285715,"{'specification': 'ETS(A,Ad,A), deterministic grid', 'sse': 67852.81969821102, 'alpha': 0.25, 'beta': 0.01, 'gamma': 0.2, 'phi': 0.9}",h4-6,2.8534829568933566,36.002248413653405,161.35167830575443,True,125.34942989210103
final,ets,4521 Tammisalon korttelitalo/Lpk Tammisalo/koulu,2017-12,2018-05,5,78.0,80.57248453372051,21.964285714285715,"{'specification': 'ETS(A,Ad,A), deterministic grid', 'sse': 67852.81969821102, 'alpha': 0.25, 'beta': 0.01, 'gamma': 0.2, 'phi': 0.9}",h4-6,2.8534829568933566,17.89776958767,143.24719947977104,True,125.34942989210104
final,ets,4521 Tammisalon korttelitalo/Lpk Tammisalo/koulu,2017-12,2018-06,6,76.0,52.74587448866557,21.964285714285715,"{'specification': 'ETS(A,Ad,A), deterministic grid', 'sse': 67852.81969821102, 'alpha': 0.25, 'beta': 0.01, 'gamma': 0.2, 'phi': 0.9}",h4-6,2.8534829568933566,0.0,115.42058943471608,True,115.42058943471608
final,ets,4521 Tammisalon korttelitalo/Lpk Tammisalo/koulu,2017-12,2018-07,7,78.0,26.817080478445604,21.964285714285715,"{'specification': 'ETS(A,Ad,A), deterministic grid', 'sse': 67852.81969821102, 'alpha': 0.25, 'beta': 0.01, 'gamma': 0.2, 'phi': 0.9}",h7-12,2.8534829568933566,0.0,89.49179542449612,True,89.49179542449612
final,ets,4521 Tammisalon korttelitalo/Lpk Tammisalo/koulu,2017-12,2018-08,8,78.0,71.42044037270007,21.964285714285715,"{'specification': 'ETS(A,Ad,A), deterministic grid', 'sse': 67852.81969821102, 'alpha': 0.25, 'beta': 0.01, 'gamma': 0.2, 'phi': 0.9}",h7-12,2.8534829568933566,8.745725426649557,134.09515531875059,True,125.34942989210103
final,ets,4521 Tammisalon korttelitalo/Lpk Tammisalo/koulu,2017-12,2018-09,9,76.0,99.26509330792702,21.964285714285715,"{'specification': 'ETS(A,Ad,A), deterministic grid', 'sse': 67852.81969821102, 'alpha': 0.25, 'beta': 0.01, 'gamma': 0.2, 'phi': 0.9}",h7-12,2.8534829568933566,36.5903783618765,161.93980825397753,True,125.34942989210103
final,ets,4521 Tammisalon korttelitalo/Lpk Tammisalo/koulu,2017-12,2018-10,10,78.0,100.09531592891264,21.964285714285715,"{'specification': 'ETS(A,Ad,A), deterministic grid', 'sse': 67852.81969821102, 'alpha': 0.25, 'beta': 0.01, 'gamma': 0.2, 'phi': 0.9}",h7-12,2.8534829568933566,37.420600982862126,162.77003087496314,True,125.34942989210101
final,ets,4521 Tammisalon korttelitalo/Lpk Tammisalo/koulu,2017-12,2018-11,11,76.0,89.41883290218489,21.964285714285715,"{'specification': 'ETS(A,Ad,A), deterministic grid', 'sse': 67852.81969821102, 'alpha': 0.25, 'beta': 0.01, 'gamma': 0.2, 'phi': 0.9}",h7-12,2.8534829568933566,26.744117956134374,152.0935478482354,True,125.34942989210103
final,ets,4521 Tammisalon korttelitalo/Lpk Tammisalo/koulu,2017-12,2018-12,12,103.0,84.26358451836856,21.964285714285715,"{'specification': 'ETS(A,Ad,A), deterministic grid', 'sse': 67852.81969821102, 'alpha': 0.25, 'beta': 0.01, 'gamma': 0.2, 'phi': 0.9}",h7-12,2.8534829568933566,21.588869572318046,146.93829946441906,True,125.34942989210101
final,ets,PORTFOLIO_TOTAL,2017-12,2018-01,1,1137.0,1046.7109998181609,115.9047619047619,"{'specification': 'ETS(A,Ad,A), deterministic grid', 'sse': 1363719.2152719223, 'alpha': 0.25, 'beta': 0.01, 'gamma': 0.4, 'phi': 0.9}",h1,1.7684269214810409,841.7418985379297,1251.680101098392,True,409.9382025604623
final,ets,PORTFOLIO_TOTAL,2017-12,2018-02,2,1005.0,1030.8348093612185,115.9047619047619,"{'specification': 'ETS(A,Ad,A), deterministic grid', 'sse': 1363719.2152719223, 'alpha': 0.25, 'beta': 0.01, 'gamma': 0.4, 'phi': 0.9}",h2-3,2.5925197633047894,730.3494234619873,1331.3201952604497,True,600.9707717984625
final,ets,PORTFOLIO_TOTAL,2017-12,2018-03,3,1270.0,1474.4967525859201,115.9047619047619,"{'specification': 'ETS(A,Ad,A), deterministic grid', 'sse': 1363719.2152719223, 'alpha': 0.25, 'beta': 0.01, 'gamma': 0.4, 'phi': 0.9}",h2-3,2.5925197633047894,1174.011366686689,1774.9821384851514,True,600.9707717984625
final,ets,PORTFOLIO_TOTAL,2017-12,2018-04,4,1267.0,1288.546068435459,115.9047619047619,"{'specification': 'ETS(A,Ad,A), deterministic grid', 'sse': 1363719.2152719223, 'alpha': 0.25, 'beta': 0.01, 'gamma': 0.4, 'phi': 0.9}",h4-6,2.8534829568933566,957.8138057174384,1619.2783311534795,True,661.4645254360411
final,ets,PORTFOLIO_TOTAL,2017-12,2018-05,5,1267.0,1159.9631072672987,115.9047619047619,"{'specification': 'ETS(A,Ad,A), deterministic grid', 'sse': 1363719.2152719223, 'alpha': 0.25, 'beta': 0.01, 'gamma': 0.4, 'phi': 0.9}",h4-6,2.8534829568933566,829.2308445492782,1490.6953699853193,True,661.4645254360411
final,ets,PORTFOLIO_TOTAL,2017-12,2018-06,6,538.0,532.0045408707851,115.9047619047619,"{'specification': 'ETS(A,Ad,A), deterministic grid', 'sse': 1363719.2152719223, 'alpha': 0.25, 'beta': 0.01, 'gamma': 0.4, 'phi': 0.9}",h4-6,2.8534829568933566,201.27227815276467,862.7368035888056,True,661.464525436041
final,ets,PORTFOLIO_TOTAL,2017-12,2018-07,7,379.0,436.6960969219838,115.9047619047619,"{'specification': 'ETS(A,Ad,A), deterministic grid', 'sse': 1363719.2152719223, 'alpha': 0.25, 'beta': 0.01, 'gamma': 0.4, 'phi': 0.9}",h7-12,2.8534829568933566,105.9638342039633,767.4283596400043,True,661.464525436041
final,ets,PORTFOLIO_TOTAL,2017-12,2018-08,8,971.0,1053.5895145007328,115.9047619047619,"{'specification': 'ETS(A,Ad,A), deterministic grid', 'sse': 1363719.2152719223, 'alpha': 0.25, 'beta': 0.01, 'gamma': 0.4, 'phi': 0.9}",h7-12,2.8534829568933566,722.8572517827123,1384.3217772187531,True,661.4645254360408
final,ets,PORTFOLIO_TOTAL,2017-12,2018-09,9,1293.0,1416.6713148456072,115.9047619047619,"{'specification': 'ETS(A,Ad,A), deterministic grid', 'sse': 1363719.2152719223, 'alpha': 0.25, 'beta': 0.01, 'gamma': 0.4, 'phi': 0.9}",h7-12,2.8534829568933566,1085.9390521275868,1747.4035775636276,True,661.4645254360407
final,ets,PORTFOLIO_TOTAL,2017-12,2018-10,10,1145.0,1202.7470634892418,115.9047619047619,"{'specification': 'ETS(A,Ad,A), deterministic grid', 'sse': 1363719.2152719223, 'alpha': 0.25, 'beta': 0.01, 'gamma': 0.4, 'phi': 0.9}",h7-12,2.8534829568933566,872.0148007712213,1533.4793262072621,True,661.4645254360408
final,ets,PORTFOLIO_TOTAL,2017-12,2018-11,11,1371.0,1323.9705972105912,115.9047619047619,"{'specification': 'ETS(A,Ad,A), deterministic grid', 'sse': 1363719.2152719223, 'alpha': 0.25, 'beta': 0.01, 'gamma': 0.4, 'phi': 0.9}",h7-12,2.8534829568933566,993.2383344925707,1654.7028599286118,True,661.4645254360411
final,ets,PORTFOLIO_TOTAL,2017-12,2018-12,12,1020.0,967.0083770328212,115.9047619047619,"{'specification': 'ETS(A,Ad,A), deterministic grid', 'sse': 1363719.2152719223, 'alpha': 0.25, 'beta': 0.01, 'gamma': 0.4, 'phi': 0.9}",h7-12,2.8534829568933566,636.2761143148007,1297.7406397508416,True,661.464525436041
